{"type": "FeatureCollection", "features": [{"type": "Feature", "geometry": {"type": "Point", "coordinates": [120.8635627, 16.1736866]}, "properties": {"name": "Malico Viewpoint", "tourism": "viewpoint"}}, {"type": "Feature", "geometry": {"type": "Point", "coordinates": [120.8184616, 16.1957611]}, "properties": {"natural": "peak"}}, {"type": "Feature", "geometry": {"type": "LineString", "coordinates": [[120.8587141, 16.1416297], [120.8580972, 16.1413618], [120.8577378, 16.1412072], [120.8575554, 16.1409856], [120.8573891, 16.1408877], [120.8572067, 16.1409135], [120.85696, 16.1409856], [120.8568795, 16.1409599], [120.8567883, 16.1408413], [120.8567052, 16.1405425], [120.8566166, 16.1403698], [120.8564343, 16.1401431], [120.8563323, 16.1398648], [120.8561607, 16.1397103], [120.85593, 16.1396536], [120.8555813, 16.1397154], [120.8553721, 16.1397669], [120.8550985, 16.1398597], [120.8547552, 16.1399473], [120.8544923, 16.1399112], [120.8542348, 16.1399679], [120.8539291, 16.1399834], [120.853752, 16.1400143], [120.8536769, 16.1400452], [120.853634, 16.1401122], [120.8536179, 16.1403029], [120.8535858, 16.1404677], [120.8535053, 16.1406739], [120.8533658, 16.1408336], [120.8532102, 16.1409727], [120.8529367, 16.1411582], [120.8527489, 16.1412768], [120.8524056, 16.1415499], [120.8521749, 16.1419003], [120.8520193, 16.1420445], [120.8519067, 16.1421528], [120.8517618, 16.1422301], [120.8516492, 16.1422352], [120.8514346, 16.142261], [120.8512522, 16.1423228], [120.8511449, 16.1424362], [120.8509518, 16.1426629], [120.8507775, 16.1427582], [120.850638, 16.1427531], [120.850469, 16.1427144], [120.8502705, 16.142735], [120.850123, 16.1428845], [120.8499943, 16.1429747], [120.8497931, 16.1430107], [120.849651, 16.1431318], [120.8493935, 16.1433482], [120.8491145, 16.143544], [120.8486961, 16.1437605], [120.8482347, 16.1439666], [120.8479236, 16.144183], [120.8476876, 16.1444819], [120.8475481, 16.1447086], [120.847237, 16.1447498], [120.8467488, 16.1448374], [120.8466254, 16.1448374], [120.8464913, 16.1447653], [120.8463733, 16.1446313], [120.8461587, 16.144554], [120.8459602, 16.1444716], [120.8455686, 16.1443324], [120.8454184, 16.1441418], [120.8451985, 16.1439717], [120.8449893, 16.1439769], [120.8446996, 16.144013], [120.844426, 16.1440903], [120.8440344, 16.1441418], [120.8437206, 16.1441753], [120.8435597, 16.1442113], [120.8434068, 16.1442242], [120.8432861, 16.1441907], [120.8431412, 16.1440361], [120.8428569, 16.1439434], [120.8426048, 16.1439331], [120.8424224, 16.1440413], [120.8421059, 16.1441392], [120.8418055, 16.1441237], [120.8416338, 16.1439898], [120.8416177, 16.1438094], [120.8416982, 16.1435775], [120.8418109, 16.1434436], [120.8418645, 16.1432271], [120.8418109, 16.143088], [120.8415976, 16.143012], [120.8415171, 16.1430017], [120.8412382, 16.142945], [120.8411523, 16.1428574], [120.8410558, 16.1426771], [120.8408788, 16.1425946], [120.8407178, 16.1424916], [120.8404818, 16.1423782], [120.8401814, 16.1422855], [120.8399722, 16.1422236], [120.8398112, 16.1422906], [120.8397898, 16.142404], [120.8398488, 16.1425019], [120.8397093, 16.1426771], [120.8395108, 16.1428059], [120.8391353, 16.1429914], [120.8386364, 16.1430326], [120.8383307, 16.1430893], [120.838041, 16.1431769], [120.8377728, 16.14328], [120.8375689, 16.1434191], [120.8374777, 16.1436098], [120.8375314, 16.1437437], [120.8375689, 16.1438829], [120.8376279, 16.1440581], [120.8376172, 16.1442436], [120.8374455, 16.1445012], [120.83707, 16.1447795], [120.836716, 16.1449289], [120.8364585, 16.1449753], [120.8362171, 16.144965], [120.836142, 16.1448207], [120.8361098, 16.1446197], [120.8360025, 16.1444857], [120.8358523, 16.1444445], [120.8356406, 16.1444814], [120.8351227, 16.1444935], [120.834644, 16.1444796], [120.8344951, 16.1443698], [120.8344575, 16.1442384], [120.8345058, 16.1440246], [120.8347258, 16.143566], [120.8346248, 16.1433376], [120.8341212, 16.1429328], [120.8332355, 16.1426168], [120.8329431, 16.1422878], [120.8328921, 16.1416352], [120.8329044, 16.1414084], [120.8327023, 16.1411817], [120.8323655, 16.1411151], [120.831888, 16.1409959], [120.8316842, 16.1408619], [120.8311241, 16.1404942], [120.8310512, 16.1403003], [120.8311155, 16.1401405], [120.8312121, 16.1400839], [120.8315286, 16.1398571], [120.8316237, 16.1395788], [120.8315232, 16.1390533], [120.8312195, 16.1385116], [120.8310351, 16.1382803], [120.8306763, 16.1380368], [120.8300693, 16.1381049], [120.8298636, 16.1378598], [120.8296626, 16.1373899], [120.8291832, 16.136729], [120.8291887, 16.1365259], [120.829513, 16.1362734], [120.8296534, 16.1358361], [120.829514, 16.1353311], [120.8292166, 16.1353819], [120.8286099, 16.1355692], [120.8283087, 16.1356115], [120.8276062, 16.1353166], [120.82721, 16.1352186], [120.8270312, 16.1349117], [120.8268073, 16.1339127], [120.8268614, 16.1335958], [120.8272916, 16.1332468], [120.8276506, 16.1329182], [120.8279565, 16.1324087], [120.8282432, 16.132186], [120.8286875, 16.1321229], [120.8288726, 16.1318911], [120.8288162, 16.1311555], [120.8287602, 16.1303731], [120.8285109, 16.1302143], [120.8285125, 16.1298949], [120.828839, 16.1293775], [120.8294226, 16.1284858], [120.8299226, 16.1281724], [120.8299362, 16.1278828], [120.829693, 16.1277452], [120.8292492, 16.1277602], [120.8280632, 16.1269902], [120.8277906, 16.1268373], [120.8275133, 16.1266817], [120.8274566, 16.1263974], [120.827594, 16.1260215], [120.8275225, 16.1258207], [120.8273373, 16.1253008], [120.8272537, 16.1248389], [120.8273373, 16.1244092], [120.8279813, 16.1229917], [120.8278094, 16.1226602], [120.8274035, 16.1226418], [120.8270931, 16.1228943], [120.8259875, 16.1227567], [120.8254023, 16.1222658], [120.8252444, 16.1216588], [120.825501, 16.1213553], [120.8261875, 16.1209377], [120.826409, 16.1209189], [120.8264611, 16.1212443], [120.8266304, 16.1214571], [120.8269822, 16.1215009], [120.827158, 16.1214195], [120.8273665, 16.1212193], [120.8273274, 16.120994], [120.8272101, 16.1203495], [120.8272489, 16.1199925], [120.8275052, 16.1197294], [120.8276024, 16.1193728], [120.827514, 16.1191606], [120.8272948, 16.1190417], [120.8260898, 16.1189416], [120.8256418, 16.1190082], [120.8254385, 16.1196111], [120.8252822, 16.1197238], [120.8251063, 16.1195924], [120.8250998, 16.1193859], [120.8250056, 16.1190421], [120.8246698, 16.1186347], [120.8242196, 16.1179983], [120.8240508, 16.1174902], [120.8241076, 16.1169501], [120.8241083, 16.1167402], [120.8238582, 16.1165303], [120.8234567, 16.1162121], [120.8233766, 16.1160303], [120.823189, 16.1156049], [120.8231551, 16.1150649], [120.8232478, 16.1144638], [120.8231147, 16.1137664], [120.8227985, 16.1134155], [120.8221492, 16.1131797], [120.8214105, 16.1131671], [120.8209811, 16.1130902], [120.820674, 16.1127759], [120.8200681, 16.112589], [120.8197108, 16.1126923], [120.8193023, 16.1129488], [120.8190834, 16.1130893], [120.8188311, 16.1130692], [120.8186275, 16.1128362], [120.8187887, 16.1126112], [120.8191613, 16.1122897], [120.8192492, 16.1117895], [120.8186564, 16.1113404], [120.818515, 16.1108912], [120.8182292, 16.1104724], [120.8179015, 16.1104711], [120.8176307, 16.1107738], [120.8171226, 16.1111061], [120.8163853, 16.1110734], [120.8159823, 16.110848], [120.8152422, 16.1102014], [120.8147362, 16.1100688], [120.8145435, 16.1098196], [120.8140343, 16.1092572], [120.8134248, 16.1091206], [120.8133889, 16.1087675], [120.8129099, 16.1084466], [120.8124871, 16.1082546], [120.8120697, 16.1084225], [120.8116357, 16.108518], [120.8109344, 16.1085033], [120.809993, 16.1078573], [120.8096281, 16.1075349], [120.8099404, 16.1071161], [120.8100186, 16.1068017], [120.8098961, 16.1064552], [120.8094549, 16.1062887], [120.8090058, 16.1058771], [120.8083728, 16.1054173], [120.8079897, 16.1048276], [120.8074729, 16.1045832], [120.8068406, 16.1044157], [120.8066866, 16.1041541], [120.8067667, 16.1036998], [120.8070942, 16.1031124], [120.8069633, 16.1025159], [120.8061733, 16.1023669], [120.8051674, 16.1025882], [120.8038195, 16.102223], [120.8033593, 16.1019473], [120.8029569, 16.1017062], [120.8025876, 16.1009806], [120.802257, 16.0995611], [120.8020068, 16.0985043], [120.8018183, 16.0975987], [120.8012156, 16.0964993], [120.8009518, 16.0956216], [120.8011646, 16.0949368], [120.8009471, 16.0946257], [120.8004419, 16.0946025], [120.8001867, 16.0943949], [120.8001918, 16.0937493], [120.7999147, 16.0928589], [120.7991718, 16.0924158], [120.7986602, 16.0919784], [120.7986409, 16.0915799], [120.798856, 16.0911887], [120.7987763, 16.0906444], [120.7986545, 16.0903876], [120.7985218, 16.0901519], [120.7979364, 16.0899911], [120.7977353, 16.0899553], [120.7971747, 16.0899822], [120.7968688, 16.0899007], [120.7958574, 16.0893721], [120.7954608, 16.0890413], [120.7950733, 16.0888794], [120.794629, 16.0887583], [120.793563, 16.0891693], [120.7929249, 16.0897303], [120.7922836, 16.0898854], [120.7916422, 16.0899356], [120.7897327, 16.0898643], [120.787862, 16.0905034], [120.7862361, 16.0914457], [120.7841664, 16.0921128], [120.7822015, 16.0927605]]}, "properties": {"name": "Cabalisian River", "source": "landsat", "waterway": "river"}}, {"type": "Feature", "geometry": {"type": "LineString", "coordinates": [[120.8545728, 16.1744925], [120.8541651, 16.1742452], [120.8540443, 16.1741738], [120.8538862, 16.1740803], [120.8532746, 16.1739257], [120.8530922, 16.1737609], [120.8528186, 16.1735445], [120.8524592, 16.1735136], [120.8520998, 16.1734929], [120.8518048, 16.1733384], [120.8515526, 16.1731993], [120.8511503, 16.1731117], [120.8508123, 16.1730653], [120.8505334, 16.173019], [120.8503886, 16.1728283], [120.8501686, 16.1726738], [120.8500613, 16.1726892], [120.8499326, 16.1727562], [120.8498843, 16.1729674], [120.8497931, 16.1731271], [120.8496322, 16.1732379], [120.8493854, 16.173274], [120.8491011, 16.1733255], [120.8488382, 16.1732688], [120.8487363, 16.1731297], [120.8487149, 16.1729082], [120.8485432, 16.1728309], [120.8483608, 16.1728567], [120.848157, 16.1729649], [120.8480228, 16.1731864], [120.8479477, 16.1734079], [120.8480228, 16.1736604], [120.8480228, 16.1738046], [120.8479746, 16.1739386], [120.8478941, 16.1739747], [120.8476849, 16.1739747], [120.8474542, 16.1739025], [120.8472718, 16.1738304], [120.847127, 16.1736965], [120.8470036, 16.1735677], [120.8468802, 16.1733667], [120.8467837, 16.1732173], [120.8466496, 16.1731967], [120.8464833, 16.1731967], [120.8462901, 16.1731967], [120.8461614, 16.173073], [120.8460219, 16.1728464], [120.8459146, 16.1727021], [120.8457269, 16.1726609], [120.8455284, 16.1725836], [120.8453996, 16.172429], [120.8453353, 16.1722126], [120.845405, 16.1720735], [120.8454908, 16.1717902], [120.8454587, 16.1715995], [120.8454533, 16.1713677], [120.8453326, 16.1710586], [120.8451127, 16.1709246], [120.8448552, 16.1709091], [120.8446299, 16.1709195], [120.8442275, 16.1708164], [120.8439003, 16.1706103], [120.8435945, 16.1704454], [120.8435087, 16.1702084], [120.8435677, 16.169889], [120.8435409, 16.1695077], [120.8436213, 16.1688946], [120.8433424, 16.1683794], [120.8430836, 16.1682384], [120.8428234, 16.1681405], [120.8427657, 16.1680915], [120.8427684, 16.1680503], [120.8428033, 16.1679672], [120.8428475, 16.1678391], [120.8428046, 16.1677425], [120.8427416, 16.1676864], [120.8424734, 16.1675344], [120.8423017, 16.167215], [120.8422051, 16.1669677], [120.8422695, 16.1667719], [120.8421837, 16.1664319], [120.8419047, 16.1662258], [120.841658, 16.1659063], [120.8417009, 16.1656693], [120.8419155, 16.1654838], [120.8419986, 16.1653473], [120.8419396, 16.1651489], [120.8417572, 16.165051], [120.8415346, 16.1650021], [120.8413629, 16.1649712], [120.8411564, 16.1647754], [120.8410598, 16.1645435], [120.8409794, 16.164407], [120.8408667, 16.1643529], [120.8407541, 16.1643529], [120.8405958, 16.1643993], [120.8403142, 16.1646079], [120.8401157, 16.1646337], [120.839987, 16.1646337], [120.8399387, 16.1645564], [120.8400138, 16.1643915], [120.8400728, 16.1642936], [120.8401372, 16.164103], [120.8401157, 16.1639227], [120.8401532, 16.1637166], [120.8401586, 16.1635878], [120.8400513, 16.1635259], [120.8398958, 16.1635311], [120.8397885, 16.1636444], [120.8396222, 16.1637836], [120.8394773, 16.1638042], [120.8392896, 16.1638093], [120.8392306, 16.1636444], [120.8392359, 16.1634074], [120.8392681, 16.1631395], [120.8393164, 16.1628819], [120.8392896, 16.1626088], [120.8391984, 16.1624542], [120.8390214, 16.1623873], [120.8388121, 16.1623873], [120.8385976, 16.1623203], [120.8384474, 16.1622275], [120.838324, 16.162176], [120.8380665, 16.1621451], [120.8378412, 16.1621451], [120.8377446, 16.1620627], [120.8377232, 16.1619287], [120.8378305, 16.1618566], [120.8380558, 16.1618926], [120.8382864, 16.1618823], [120.8384903, 16.1618514], [120.8385815, 16.1618411], [120.8385868, 16.1616814], [120.8385439, 16.1614444], [120.8383669, 16.1612177], [120.8382972, 16.161027], [120.8383186, 16.1607591], [120.8383669, 16.1605891], [120.8383615, 16.1604087], [120.8382006, 16.1603727], [120.8379163, 16.1605066], [120.8376481, 16.1606664], [120.8374067, 16.1608003], [120.836999, 16.1610167], [120.8367254, 16.1611558], [120.8364894, 16.1613104], [120.836366, 16.1614083], [120.8362694, 16.1615629], [120.8363767, 16.1617587], [120.8363391, 16.1619802], [120.8362962, 16.1621348], [120.836146, 16.1621657], [120.8360709, 16.1621709], [120.8359154, 16.162073], [120.835851, 16.1619029], [120.8356686, 16.1616092], [120.8356686, 16.1614135], [120.8354218, 16.1612486], [120.8351214, 16.1612177], [120.8350142, 16.1611198], [120.8348693, 16.1610425], [120.834703, 16.1609085], [120.8345367, 16.1608415], [120.8343865, 16.1608467], [120.8343007, 16.1608828], [120.8342899, 16.161027], [120.8343972, 16.1612383], [120.834467, 16.1614186], [120.8344884, 16.1615526], [120.8344401, 16.1616505], [120.8341183, 16.1617741], [120.8338876, 16.1618411], [120.8336516, 16.1617896], [120.8335443, 16.161702], [120.8333834, 16.1615165], [120.8332546, 16.1614392], [120.833142, 16.1614392], [120.8329596, 16.1615371], [120.8327879, 16.1616556], [120.8325304, 16.1617484], [120.8320691, 16.1617432], [120.8318706, 16.1616299], [120.8315809, 16.1616299], [120.8312966, 16.1617741], [120.8311571, 16.1619184], [120.8310445, 16.1621296], [120.8308513, 16.1622533], [120.8306421, 16.1624388], [120.8305456, 16.162547], [120.8304812, 16.1627325], [120.8304812, 16.1629334], [120.8304383, 16.1630416], [120.8303471, 16.1632219], [120.8302076, 16.1633559], [120.8300574, 16.1634641], [120.8299448, 16.1634899], [120.8297785, 16.1634899], [120.8296765, 16.1633508], [120.8296444, 16.1631344], [120.8295907, 16.1629746], [120.8293547, 16.1627428], [120.829183, 16.1626655], [120.8289041, 16.162614], [120.8287378, 16.162717], [120.8286037, 16.1629128], [120.828432, 16.1629231], [120.8282657, 16.1629901], [120.8281316, 16.1631653], [120.8278848, 16.1633095], [120.8276488, 16.1635105], [120.8275737, 16.1636857], [120.8276488, 16.1639381], [120.8276595, 16.1640618], [120.8274879, 16.1641957], [120.8273645, 16.1644121], [120.827343, 16.1645564], [120.8273108, 16.1646543], [120.8273377, 16.1647934], [120.8274718, 16.1648501], [120.8276059, 16.1648398], [120.8276756, 16.1647574], [120.8277078, 16.1646337], [120.8278044, 16.1644791], [120.8278795, 16.1643606], [120.8279814, 16.1642524], [120.828094, 16.1642164], [120.8283515, 16.1642112], [120.8285393, 16.1641751], [120.8286895, 16.1641339], [120.8288665, 16.1641494], [120.8289523, 16.1643039], [120.8289845, 16.1644688], [120.8289953, 16.1646646], [120.8288772, 16.1648346], [120.8288182, 16.1649841], [120.8287592, 16.1651747], [120.8287324, 16.165355], [120.8286788, 16.1656178], [120.8286788, 16.1658084], [120.8288504, 16.1659115], [120.8289523, 16.1659785], [120.8289523, 16.1660867], [120.828888, 16.1662412], [120.828668, 16.1663288], [120.8283515, 16.1664061], [120.8282818, 16.1664937], [120.8282603, 16.1666019], [120.828373, 16.1667204], [120.8286197, 16.1668234], [120.8287431, 16.1669574], [120.8287807, 16.1670192], [120.8287753, 16.1671223], [120.8286788, 16.1672717], [120.8284427, 16.1673799], [120.8282979, 16.1674726], [120.8281584, 16.167622], [120.8281048, 16.1678178], [120.8281155, 16.1679827], [120.8282711, 16.1681682], [120.8283408, 16.1683588], [120.8283193, 16.1685572], [120.8282201, 16.168722], [120.8280163, 16.1687967], [120.8278124, 16.168838], [120.8276729, 16.168874], [120.8275549, 16.1689565], [120.8275066, 16.1693145], [120.8274154, 16.1697267], [120.8273788, 16.1706792], [120.8272599, 16.1725037], [120.8271472, 16.1727047], [120.8270292, 16.1729468], [120.8269434, 16.1731426], [120.8267663, 16.1733178], [120.8266912, 16.1734054], [120.8266493, 16.1735832], [120.8266269, 16.1736784], [120.8266537, 16.1738484], [120.8267932, 16.1739257], [120.8271311, 16.1739257], [120.8274047, 16.1737763], [120.8275013, 16.1737299], [120.8276515, 16.1737402], [120.8278285, 16.1738433], [120.828027, 16.1740854], [120.8281665, 16.1742297], [120.8282308, 16.1744409], [120.8281557, 16.1749252], [120.8279841, 16.1754198], [120.8278017, 16.1757702], [120.8277802, 16.1760999], [120.8279514, 16.1763794], [120.8279948, 16.1764502], [120.8280806, 16.1767284], [120.8280592, 16.1769551], [120.827866, 16.1772849], [120.8275656, 16.177594], [120.8271579, 16.1779649], [120.8269219, 16.1782019], [120.8267502, 16.1784492], [120.8267073, 16.178748], [120.826761, 16.1790984], [120.8267181, 16.1794899], [120.8265142, 16.1797063], [120.8263908, 16.179951], [120.8263265, 16.1801571], [120.826305, 16.1804353], [120.8264016, 16.1807238], [120.8264659, 16.1809144], [120.8263962, 16.1811566], [120.8261602, 16.1813781], [120.8260636, 16.1816872], [120.8261924, 16.181986], [120.8262728, 16.1821766], [120.8262621, 16.1823724], [120.8262138, 16.1826352], [120.826069, 16.1828618], [120.8259778, 16.1830164], [120.8260421, 16.1831349], [120.8262192, 16.1832276], [120.8265142, 16.183274], [120.8267342, 16.1833307], [120.8270989, 16.1834388], [120.8273081, 16.1835058], [120.8276139, 16.1836346], [120.8276998, 16.1837737], [120.827689, 16.1840725], [120.8277051, 16.1842425], [120.8276193, 16.1844228], [120.8274315, 16.1845877], [120.8273564, 16.1847165], [120.8273564, 16.1849432], [120.827512, 16.1852214], [120.8276139, 16.1856026], [120.8276086, 16.1858499], [120.8275442, 16.1860096], [120.8274584, 16.1861951], [120.8273242, 16.1862826], [120.8271472, 16.186329], [120.8268897, 16.1863754], [120.8267663, 16.1865763], [120.8266698, 16.1869318], [120.8266564, 16.187076], [120.826828, 16.1873001], [120.8270346, 16.1874675], [120.8271579, 16.1875422], [120.8273309, 16.1875912], [120.8275938, 16.1876066], [120.8279318, 16.1875809], [120.8281571, 16.1876736], [120.8281785, 16.1878282], [120.8280605, 16.1880136], [120.8280069, 16.1882609], [120.8280605, 16.188673], [120.8282107, 16.1889203], [120.8285218, 16.1890234], [120.8288759, 16.1889512], [120.8291227, 16.1888688], [120.8294874, 16.1889615], [120.8297986, 16.1892603], [120.8300668, 16.1896519], [120.8301325, 16.1901245], [120.830111, 16.1903203], [120.8300037, 16.1909282], [120.8299394, 16.1913609], [120.8300359, 16.1917731], [120.8301305, 16.1919258], [120.830272, 16.1921543], [120.8305036, 16.1924242], [120.8306224, 16.1925626], [120.8309115, 16.1930748], [120.8305831, 16.1933598], [120.8301539, 16.1935761], [120.8300091, 16.1937925], [120.8300145, 16.1939574], [120.8302398, 16.1941325], [120.8302708, 16.1941404], [120.8305616, 16.1942149], [120.8308054, 16.1942908], [120.8312818, 16.1949993], [120.8313462, 16.1951641], [120.8313382, 16.1953676], [120.8311959, 16.1956408], [120.8308581, 16.1962897], [120.8309027, 16.1966313], [120.831268, 16.1970431], [120.8316574, 16.1973303], [120.8317325, 16.1975312], [120.8318164, 16.1979369], [120.8319578, 16.1983349], [120.8321241, 16.1985358], [120.8324137, 16.1987315], [120.8327034, 16.1987495], [120.8329119, 16.1986318], [120.8332318, 16.1984353], [120.8333592, 16.1984634], [120.8336143, 16.1985197], [120.8339506, 16.1988474], [120.8340257, 16.1990767], [120.8339021, 16.1996233], [120.8343412, 16.200158], [120.8343971, 16.2002024], [120.8349239, 16.2007361], [120.8353795, 16.2009261], [120.8354232, 16.2009443], [120.8355646, 16.2011292], [120.8356841, 16.2014652], [120.8355271, 16.2021525], [120.8353822, 16.2026555], [120.8355056, 16.203018], [120.8358821, 16.203598], [120.8359698, 16.2036822], [120.8362911, 16.2039906], [120.836473, 16.2043275], [120.8365249, 16.2047034], [120.8366225, 16.2051397], [120.836838, 16.2056932], [120.8372754, 16.20623], [120.8375462, 16.2067161], [120.8374763, 16.2069294], [120.8372073, 16.207334]]}, "properties": {"source": "landsat", "waterway": "river"}}, {"type": "Feature", "geometry": {"type": "LineString", "coordinates": [[120.8401036, 16.1585049], [120.8399668, 16.1583645], [120.8398274, 16.1581687], [120.8396839, 16.1579111], [120.8396249, 16.1578454], [120.8395524, 16.1578093], [120.8394881, 16.1577938], [120.839413, 16.1578041], [120.8393137, 16.1578351], [120.8392024, 16.1579098], [120.8391327, 16.1579922], [120.839083, 16.1581236], [120.8390281, 16.1582099], [120.8389731, 16.1582498], [120.8388765, 16.1582679], [120.8387545, 16.1582666], [120.8386767, 16.1582666], [120.8386056, 16.1582872], [120.8384956, 16.1583696], [120.8384044, 16.158416], [120.8382703, 16.1584405], [120.8381228, 16.158443], [120.8379257, 16.1584302], [120.8378278, 16.158434], [120.8377661, 16.1584456], [120.8376776, 16.1584881], [120.837577, 16.1585306], [120.8374442, 16.1585551], [120.8370392, 16.1585925], [120.8368488, 16.1586247], [120.8365671, 16.1587123], [120.8364075, 16.1588037], [120.8363606, 16.1588475], [120.8363378, 16.1588965], [120.8363324, 16.158957], [120.8363257, 16.1590317], [120.836311, 16.1590935], [120.8362627, 16.1591734], [120.8361742, 16.1592816], [120.8360991, 16.1593228], [120.836028, 16.159337], [120.8359677, 16.1593331], [120.8358309, 16.1592984], [120.8357611, 16.1592842], [120.8356847, 16.1592855], [120.8356029, 16.1593048], [120.8355036, 16.1593396], [120.8353052, 16.1593885], [120.8351456, 16.159413], [120.8350329, 16.1594079], [120.8349578, 16.159386], [120.8349068, 16.1593422], [120.8348733, 16.1592842], [120.8348706, 16.1591927], [120.8348908, 16.1590807], [120.8349149, 16.1589944], [120.8349645, 16.1589132], [120.8351496, 16.1586878], [120.835214, 16.1586054], [120.8352515, 16.1585345], [120.8352649, 16.1584817], [120.8352555, 16.1584173], [120.8352287, 16.1583645], [120.8350745, 16.1582408], [120.8350316, 16.1581906], [120.8350155, 16.1581416], [120.8350182, 16.1580901], [120.8350436, 16.158045], [120.8351496, 16.1579845], [120.8352394, 16.1579239], [120.8352716, 16.1578711], [120.8352904, 16.1578196], [120.8352971, 16.1577256], [120.8352569, 16.1572039], [120.8352381, 16.1570828], [120.8352005, 16.1569617], [120.8351576, 16.1568638], [120.835104, 16.156802], [120.8350503, 16.1567711], [120.8350034, 16.1567685], [120.8349578, 16.1567801], [120.8349149, 16.1568136], [120.8348156, 16.1569115], [120.8347137, 16.1569952], [120.834652, 16.15703], [120.8344012, 16.1571176], [120.8342846, 16.1571549], [120.8342229, 16.1571562], [120.8341545, 16.1571446], [120.8340727, 16.1570905], [120.833952, 16.1569565], [120.833905, 16.156878], [120.8338903, 16.156802], [120.8338849, 16.1565109], [120.8338742, 16.1564542], [120.8338407, 16.1564078], [120.8337803, 16.1563679], [120.8337186, 16.1563485], [120.8336355, 16.1563537], [120.8334947, 16.1563846], [120.8334209, 16.1563975], [120.8333686, 16.1563923], [120.8333163, 16.1563563], [120.8332425, 16.1562429], [120.8331715, 16.1561669], [120.8331151, 16.1561321], [120.8330521, 16.1561167], [120.8329529, 16.156118], [120.8328255, 16.1561399], [120.8324888, 16.156212], [120.8323762, 16.1562326], [120.8323024, 16.1562313], [120.8322367, 16.1562146], [120.8321884, 16.1561759], [120.8321522, 16.1561115], [120.8321522, 16.1560458], [120.8321656, 16.1559827], [120.8323507, 16.1556658], [120.8323883, 16.1555834], [120.8324003, 16.1555151], [120.832399, 16.155461], [120.8323628, 16.155394], [120.8322917, 16.1553348], [120.8321764, 16.1552833], [120.8320127, 16.1552407], [120.8318558, 16.1552176], [120.8317217, 16.1552073], [120.831601, 16.1551544], [120.8315326, 16.1550926], [120.8315112, 16.1550282], [120.8315232, 16.1549625], [120.8315662, 16.1549084], [120.8316386, 16.1548788], [120.8317311, 16.1548736], [120.8318076, 16.1548582], [120.8318679, 16.1548234], [120.8319913, 16.1546997], [120.8320422, 16.1546585], [120.8321147, 16.1546314], [120.8322032, 16.154607], [120.832289, 16.1545748], [120.8326833, 16.1543184], [120.8328456, 16.1542527], [120.8329488, 16.1542244], [120.8330441, 16.1542192], [120.83315, 16.1542373], [120.8334839, 16.1543841], [120.833606, 16.1544189], [120.8336824, 16.1544176], [120.8337441, 16.1543996], [120.8337857, 16.1543635], [120.8338071, 16.1543146], [120.8338085, 16.1542386], [120.833783, 16.1541742], [120.8337012, 16.1540711], [120.8333847, 16.1537916], [120.8331688, 16.1536228], [120.8329529, 16.1534927], [120.8327597, 16.153391], [120.8326954, 16.1533175], [120.8326645, 16.153248], [120.8326565, 16.153181], [120.8326699, 16.1531282], [120.8327074, 16.1530457], [120.8327544, 16.1529659], [120.8327758, 16.1528821], [120.8327758, 16.1528293], [120.8327638, 16.1527701], [120.8327048, 16.1526747], [120.8325586, 16.1525099], [120.8325076, 16.1524828], [120.8324607, 16.1524841], [120.8324137, 16.1525202], [120.8323883, 16.1525717], [120.8323829, 16.1526464], [120.8324017, 16.1527829], [120.8324325, 16.1528976], [120.8324379, 16.1529942], [120.8324245, 16.153056], [120.8323829, 16.1531346], [120.8323105, 16.1532183], [120.8321683, 16.153333], [120.8317043, 16.1536048], [120.8315313, 16.1536756], [120.8313046, 16.1537349], [120.8309036, 16.1538882], [120.8306086, 16.1539912], [120.8304906, 16.1540544], [120.8303605, 16.1541651], [120.8302344, 16.1542347], [120.8301258, 16.1542669], [120.8300051, 16.1542824], [120.8298884, 16.1542656], [120.8297664, 16.1542192], [120.8296685, 16.1541394], [120.8295478, 16.1539114], [120.8294874, 16.1537671], [120.82947, 16.1536782], [120.8294781, 16.1535945], [120.8295156, 16.1534773], [120.8295183, 16.1534193], [120.8294995, 16.1533562], [120.8294472, 16.153315], [120.8293775, 16.1533098], [120.8292796, 16.1533394], [120.8292246, 16.1533575], [120.8291723, 16.15336], [120.8291253, 16.1533446], [120.8286855, 16.1529568], [120.8286023, 16.1529195], [120.8285259, 16.1529182], [120.8284414, 16.152944], [120.8283193, 16.1530161], [120.8282295, 16.1530715], [120.8281571, 16.1530921], [120.828086, 16.1530857], [120.8279733, 16.1530432], [120.8279049, 16.1530277], [120.8278392, 16.1530341], [120.8277842, 16.1530754], [120.8277293, 16.1531617], [120.8277158, 16.1532196], [120.8277132, 16.1533536], [120.8277145, 16.1534425], [120.8276971, 16.1534953], [120.8276609, 16.1535468], [120.8274892, 16.1536962], [120.827284, 16.1538753], [120.8272223, 16.1539539], [120.8272049, 16.1540041], [120.8272062, 16.1540698], [120.8272263, 16.1541523], [120.8272371, 16.1542257], [120.8272344, 16.1543107], [120.8272156, 16.1544395], [120.8271606, 16.1546095], [120.8270989, 16.1547293], [120.8270104, 16.1548453], [120.8268549, 16.1549573], [120.8265665, 16.1551248], [120.8264069, 16.1551879], [120.8263198, 16.1551995], [120.8261964, 16.1551918], [120.8261038, 16.1551982], [120.8260167, 16.1552343], [120.8258463, 16.1553631], [120.8257699, 16.1553902], [120.8256988, 16.1554069], [120.8256412, 16.155394], [120.8255982, 16.1553489], [120.8255553, 16.1552742], [120.8255057, 16.1551094], [120.8254534, 16.1550127], [120.8253595, 16.1549393], [120.8252589, 16.1548981], [120.8251463, 16.1548839], [120.8249049, 16.1548904], [120.8248445, 16.1548788], [120.8248016, 16.1548376], [120.8247708, 16.154777], [120.8247641, 16.15471], [120.8247802, 16.1546495], [120.8248995, 16.1544421], [120.824925, 16.1543854], [120.8249263, 16.1543365], [120.8249129, 16.1542798], [120.8248834, 16.154227], [120.8248311, 16.154178], [120.8247882, 16.15416], [120.8247507, 16.1541613], [120.8247252, 16.1541716], [120.8246823, 16.1542141], [120.8246246, 16.1543004], [120.8245777, 16.1543403], [120.8245307, 16.1543635], [120.8244838, 16.1543687], [120.8244315, 16.1543532], [120.8242773, 16.1542231], [120.8242129, 16.1541626], [120.824174, 16.154142], [120.8241284, 16.1541445], [120.8240814, 16.1541729], [120.8240466, 16.1542115], [120.8240198, 16.1542914], [120.8239742, 16.1544292], [120.8239339, 16.1544988], [120.8238856, 16.1545387], [120.8238253, 16.1545516], [120.8237462, 16.1545464], [120.8236845, 16.1545207], [120.8236013, 16.1544563], [120.823478, 16.1543249], [120.8234096, 16.1542167], [120.8233009, 16.1539307], [120.8232392, 16.1537813], [120.8232044, 16.1537207], [120.8231588, 16.1536744], [120.8230877, 16.1536537], [120.8230327, 16.1536537], [120.822975, 16.1536808], [120.8228758, 16.1537568], [120.8227712, 16.1538431], [120.8227256, 16.1538573], [120.82268, 16.1538431], [120.8226277, 16.1537774], [120.8225821, 16.1536576], [120.8225244, 16.1535352], [120.8224547, 16.1534734], [120.8223917, 16.1534618], [120.8223233, 16.153476], [120.8222401, 16.1535404], [120.8221891, 16.1536099], [120.8221114, 16.1538212], [120.8220604, 16.1539062], [120.8219907, 16.1539474], [120.8219022, 16.1539397], [120.8217841, 16.1538753], [120.8216366, 16.1537053], [120.8214757, 16.1534579], [120.8213778, 16.1533124], [120.8211887, 16.1531256], [120.8211404, 16.1530354], [120.8211149, 16.1529272], [120.8211216, 16.152801], [120.8211619, 16.1527031], [120.8212155, 16.1526309], [120.8212933, 16.1525614], [120.8214958, 16.1524454], [120.8218297, 16.1522612], [120.8218941, 16.1522071], [120.8219236, 16.1521543], [120.8219343, 16.1521092], [120.8219236, 16.1520564], [120.821882, 16.1520191], [120.8218163, 16.1519997], [120.8217385, 16.152001], [120.8216782, 16.1520345], [120.8215682, 16.1521479], [120.8215038, 16.1522058], [120.8213885, 16.152269], [120.8212182, 16.1523334], [120.8211136, 16.1523913], [120.8210278, 16.1524686], [120.8209138, 16.1526039], [120.8208467, 16.1526747], [120.8207729, 16.152716], [120.820667, 16.1527495], [120.8204779, 16.152792], [120.8203103, 16.1527958], [120.8202258, 16.1527817], [120.8201627, 16.1527353], [120.8201131, 16.1526528], [120.8200555, 16.1525073], [120.8200045, 16.1523926], [120.81992, 16.1523076], [120.81981, 16.1522342], [120.8197068, 16.152193], [120.8195941, 16.1521749], [120.8194748, 16.1521943], [120.8193903, 16.1522445], [120.8192267, 16.15243], [120.819165, 16.1524931], [120.8191113, 16.1525253], [120.819051, 16.1525343], [120.8189879, 16.152524], [120.818878, 16.1524648], [120.818713, 16.1523269], [120.8186567, 16.1522355], [120.8186299, 16.1521208], [120.8186044, 16.1520319], [120.8185548, 16.1519572], [120.8184783, 16.151916], [120.8183523, 16.1519006], [120.8182168, 16.1518967], [120.8179749, 16.1518882], [120.8178372, 16.1518726], [120.817747, 16.1518352], [120.8176937, 16.1517878], [120.8176728, 16.1517317], [120.8176976, 16.1516579], [120.8177645, 16.1515752], [120.8179148, 16.1514173], [120.8179869, 16.1512696], [120.8180356, 16.1511482], [120.818031, 16.1510179], [120.8179832, 16.15084], [120.8179751, 16.1506258], [120.8180101, 16.1504311], [120.8180746, 16.1503148], [120.8181747, 16.1501636], [120.8182089, 16.1500576], [120.818212, 16.1499793], [120.8181653, 16.1499051], [120.8180639, 16.1498433], [120.8179553, 16.1498292], [120.8176289, 16.1498597], [120.8175208, 16.14986], [120.8173386, 16.1498051], [120.8172488, 16.1497488], [120.8171682, 16.1496461], [120.8171254, 16.149555], [120.8171097, 16.1494725], [120.8171293, 16.1493858], [120.8171761, 16.1493058], [120.8174373, 16.1489868], [120.8174888, 16.1489087], [120.8175246, 16.1488422], [120.8175342, 16.1487621], [120.8175208, 16.148666], [120.8174872, 16.1485874], [120.8172165, 16.148152], [120.8170621, 16.1478132], [120.816928, 16.1476032], [120.8168153, 16.1474576], [120.8165565, 16.1472219], [120.8164358, 16.1471034], [120.8163607, 16.1470042], [120.8162722, 16.1468547], [120.815839, 16.1463601], [120.8157384, 16.1462634], [120.8156352, 16.1462016], [120.8154984, 16.1461333], [120.8154139, 16.1460676], [120.8152637, 16.1459053], [120.8151846, 16.145792], [120.8151484, 16.1457031], [120.8151323, 16.1455949], [120.8151242, 16.1453501], [120.8151188, 16.145269], [120.815096, 16.1452187], [120.8150411, 16.1451646], [120.8149351, 16.1451169], [120.8147047, 16.1450196], [120.814618, 16.1449655], [120.8145608, 16.1449107], [120.8145308, 16.1448298], [120.8145602, 16.1447437], [120.8146374, 16.144665], [120.814766, 16.1445539], [120.8148521, 16.1443957], [120.8148939, 16.1442406], [120.8148793, 16.143978], [120.8148958, 16.1438972], [120.8149526, 16.1438186], [120.8151363, 16.1436638], [120.8152328, 16.143553], [120.8152731, 16.1434706], [120.8152878, 16.143383], [120.8152878, 16.1433044], [120.8152498, 16.1431669], [120.8152273, 16.1430509], [120.8152508, 16.142955], [120.8153059, 16.1428424], [120.8153466, 16.1427419], [120.8153546, 16.1426653], [120.8153508, 16.1425928], [120.8153307, 16.1425293], [120.8152693, 16.1424127], [120.8152429, 16.1423418], [120.8152419, 16.1422403], [120.8153135, 16.1420467], [120.8153281, 16.1419904], [120.8153321, 16.1419209], [120.8153254, 16.1418474], [120.8153079, 16.1417946], [120.8152623, 16.1417328], [120.8150108, 16.1415713], [120.8149627, 16.1415186], [120.8149341, 16.1414548], [120.8149474, 16.1413996], [120.814991, 16.1413404], [120.815161, 16.1412378], [120.8152177, 16.1411614], [120.8152344, 16.1410697], [120.8152221, 16.1409624], [120.8152074, 16.1408349], [120.8151832, 16.1407241], [120.8151215, 16.1406197], [120.8150177, 16.1405212], [120.8149262, 16.1404955], [120.8148674, 16.140504], [120.8147903, 16.1405481], [120.8146924, 16.1406288], [120.8145431, 16.140741], [120.8144189, 16.1408135], [120.8142697, 16.1408644], [120.8141205, 16.1408774], [120.813797, 16.1408823], [120.8136742, 16.1408507], [120.8135761, 16.1408012], [120.8134431, 16.1406381], [120.8134056, 16.1405609], [120.813401, 16.1404851], [120.8134356, 16.1403997], [120.8135146, 16.1403184], [120.8138246, 16.1401515], [120.8138983, 16.1400791], [120.8139468, 16.1399964], [120.8139724, 16.1398879], [120.8139711, 16.1398043], [120.8139391, 16.1397151], [120.8138971, 16.1396742], [120.8138508, 16.1396558], [120.8137954, 16.1396352], [120.8137224, 16.139651], [120.8136435, 16.1396684], [120.8135565, 16.1396845], [120.8134733, 16.1396986], [120.8133835, 16.1397012], [120.8133043, 16.1396767], [120.8131447, 16.139575], [120.8130375, 16.1395144], [120.8129624, 16.13949], [120.8128443, 16.1394848], [120.8127035, 16.1394938], [120.8125828, 16.1394964], [120.8125091, 16.1394925], [120.8124205, 16.1394552], [120.8122623, 16.1393392], [120.8121405, 16.1392428], [120.8119967, 16.1391746], [120.811796, 16.1391154], [120.811723, 16.1390799], [120.8116525, 16.1389958], [120.8116212, 16.1389112], [120.8115949, 16.1386808], [120.8115971, 16.1385473], [120.8116363, 16.1384161], [120.8117191, 16.1382442], [120.8117205, 16.1381489], [120.8117044, 16.1380883], [120.8116345, 16.1379721], [120.8115926, 16.1378765], [120.8115781, 16.1377701], [120.81164, 16.1375176], [120.81164, 16.1373888], [120.8116306, 16.1372986], [120.8115944, 16.137193], [120.811518, 16.1370577], [120.8114523, 16.1369495], [120.8114147, 16.1368387], [120.8113423, 16.1364342], [120.8113047, 16.1363028], [120.8112484, 16.136183], [120.8111626, 16.1360864], [120.8110781, 16.1360374], [120.8108997, 16.1359872], [120.8107951, 16.1359369], [120.8107147, 16.1358674], [120.8106583, 16.1357682], [120.8105106, 16.1353687], [120.8104927, 16.135306], [120.8104875, 16.1352336], [120.8104947, 16.1351601], [120.8105153, 16.1350906], [120.8105681, 16.1349119], [120.8105689, 16.134784], [120.810545, 16.1345992], [120.8105166, 16.1344728], [120.8104545, 16.1343794], [120.8103807, 16.1342957], [120.8103003, 16.1342377], [120.8101997, 16.1341965], [120.8100978, 16.1341668], [120.8099921, 16.13415], [120.8099136, 16.1341181], [120.8098541, 16.1340757], [120.8098326, 16.1340022], [120.8098317, 16.1338419], [120.8098397, 16.1337256], [120.8098755, 16.1336198], [120.8099484, 16.1334741], [120.8099593, 16.1333961], [120.8099381, 16.1333257], [120.8098942, 16.1332332], [120.8097438, 16.1330326], [120.8096832, 16.1329177], [120.8096597, 16.1328025], [120.8096601, 16.1326919], [120.8096897, 16.1325685], [120.8098113, 16.1324075], [120.8098454, 16.1323373], [120.8098419, 16.1322626], [120.8098027, 16.1321945], [120.8097544, 16.1321159], [120.8096852, 16.1320878], [120.8096071, 16.1320773], [120.8095469, 16.1321073], [120.8094287, 16.1322185], [120.8093508, 16.1322676], [120.8092462, 16.1323014], [120.809163, 16.1322988], [120.8090678, 16.1322537], [120.8083798, 16.1316959], [120.808278, 16.1315948], [120.8082142, 16.1315049], [120.8082015, 16.1314084], [120.8082645, 16.1311793], [120.8082578, 16.1310685], [120.8082323, 16.1309719], [120.8081397, 16.1307889], [120.8081049, 16.1307013], [120.8080928, 16.1306111], [120.8081335, 16.1303747], [120.8081457, 16.1302725], [120.8081411, 16.130163], [120.80814, 16.1299667], [120.8081518, 16.1298691], [120.8081693, 16.129777], [120.8082469, 16.1295166], [120.8082702, 16.1294313], [120.8082723, 16.1293291], [120.8082381, 16.1292437], [120.8081841, 16.1291372], [120.8080844, 16.1290261], [120.8079413, 16.1289312], [120.8078179, 16.1288835], [120.8075443, 16.128832], [120.8073646, 16.1288191], [120.8072251, 16.1288526], [120.8071285, 16.1289247], [120.8070588, 16.1289634], [120.8069783, 16.1289892], [120.8068737, 16.1289763], [120.8067182, 16.1288552], [120.8065567, 16.1286558], [120.8065107, 16.12856], [120.806491, 16.1284726], [120.8064534, 16.1280999], [120.8064423, 16.1279542], [120.806405, 16.1278156], [120.80633, 16.1276229], [120.8062894, 16.1275027], [120.8062754, 16.127393], [120.8063426, 16.1270344], [120.8063484, 16.1267915], [120.8063266, 16.1264692], [120.8062622, 16.126312], [120.8060664, 16.1260157], [120.8059117, 16.1257423], [120.8058632, 16.1256401], [120.8058427, 16.1255338], [120.8058474, 16.1254202], [120.8058346, 16.125325], [120.8057985, 16.1252372], [120.8056051, 16.1250252], [120.8055645, 16.1249417], [120.8055483, 16.1248479], [120.8055587, 16.1247777], [120.8055974, 16.124727], [120.8057176, 16.1246313], [120.8057554, 16.124591], [120.8057738, 16.1245377], [120.8057752, 16.1244762], [120.8056453, 16.1238642], [120.8055729, 16.1234905], [120.8055356, 16.1230138], [120.8055197, 16.1229111], [120.8054862, 16.1228394], [120.8054448, 16.1227899], [120.8053801, 16.122748], [120.8051732, 16.122648], [120.805082, 16.122581], [120.8049694, 16.1224753], [120.8046153, 16.1221635], [120.8044597, 16.1220759], [120.8043122, 16.1220141], [120.8040789, 16.121911], [120.8040011, 16.1218363], [120.8039796, 16.1217513], [120.8039796, 16.1216482], [120.8040145, 16.1215838], [120.8041406, 16.1214859], [120.80428, 16.1214421], [120.8044597, 16.1214472], [120.8046126, 16.1214807], [120.8048111, 16.1215348], [120.8049747, 16.1215348], [120.8051035, 16.1215168], [120.8052376, 16.1213957], [120.8053368, 16.1212617], [120.8053744, 16.1211586], [120.8053744, 16.1210324], [120.8053422, 16.1209525], [120.805243, 16.1208855], [120.8049157, 16.1207618], [120.8047387, 16.1207], [120.8046448, 16.1206407], [120.8045858, 16.1205634], [120.8045268, 16.1204371], [120.804441, 16.1203186], [120.8041406, 16.1200687], [120.8040628, 16.1199862], [120.8040333, 16.1199012], [120.8040386, 16.1198136], [120.8040735, 16.1197285], [120.8042291, 16.1195327], [120.80428, 16.1194631], [120.8043095, 16.1193832], [120.8043203, 16.1193008], [120.8042908, 16.1192209], [120.8042183, 16.1191565], [120.8040306, 16.1190895], [120.8039018, 16.1190508], [120.8038187, 16.1189864], [120.8037624, 16.1189194], [120.8037302, 16.1188473], [120.8037248, 16.1185174], [120.8037141, 16.1184247], [120.8036765, 16.1183577], [120.8035934, 16.1183061], [120.8034861, 16.1182778], [120.8031374, 16.1182185], [120.8027807, 16.1181232], [120.8026654, 16.1180562], [120.8026063, 16.1179789], [120.8025956, 16.1178707], [120.8026278, 16.117765], [120.8026975, 16.1176594], [120.8027673, 16.1175769], [120.802786, 16.1175048], [120.80277, 16.1174275], [120.8027297, 16.1173682], [120.8026251, 16.1173218], [120.8025151, 16.1172986], [120.8024052, 16.1172677], [120.8023328, 16.1172084], [120.8023086, 16.1171363], [120.802322, 16.1170487], [120.8023515, 16.116943], [120.8023703, 16.1168297], [120.8023623, 16.1167627], [120.802322, 16.1167085], [120.8022496, 16.1166699], [120.8020753, 16.116657], [120.8018848, 16.1166467], [120.8017266, 16.1166184], [120.8015522, 16.1165307], [120.8014691, 16.1164303], [120.8014396, 16.1162963], [120.8014986, 16.1159896], [120.8015791, 16.1157654], [120.8016676, 16.1156469], [120.8017749, 16.1155696], [120.8019975, 16.1154949], [120.802137, 16.1154459], [120.8022013, 16.1153866], [120.8022335, 16.1153145], [120.8022228, 16.1152501], [120.8021584, 16.1151599], [120.8021128, 16.1150671], [120.8020967, 16.1149563], [120.8021155, 16.1147708], [120.8021745, 16.1145234], [120.8022389, 16.1143508], [120.8023274, 16.1142013], [120.80244, 16.114057], [120.8024749, 16.1139565], [120.8024883, 16.1138406], [120.8024749, 16.1137272], [120.8024374, 16.1136318], [120.8023596, 16.1135133], [120.8022603, 16.1134592], [120.8021799, 16.113454], [120.8020753, 16.1134798], [120.8019894, 16.1134901], [120.8018875, 16.1134798], [120.8018151, 16.1134489], [120.8017319, 16.1133741], [120.801217, 16.1128175], [120.8011284, 16.1127196], [120.8010668, 16.1126887], [120.8009836, 16.1126913], [120.8009085, 16.1127145], [120.8007637, 16.112815], [120.8005759, 16.1129284], [120.8004042, 16.1129876], [120.8000837, 16.113025], [120.7999389, 16.1130276], [120.7997994, 16.1129941], [120.7997015, 16.1129644], [120.7995956, 16.112958], [120.7994936, 16.1129747], [120.7994038, 16.1130237], [120.7993528, 16.1130842], [120.799318, 16.1131744], [120.7992831, 16.1132517], [120.7992227, 16.113329], [120.7991543, 16.1133909], [120.7990873, 16.1134218], [120.7990202, 16.1134424], [120.7989465, 16.1134424], [120.7988928, 16.1134205], [120.7988486, 16.1133613], [120.7987533, 16.1131603], [120.7986917, 16.1130804], [120.7986219, 16.1130353], [120.7985669, 16.1130276], [120.7983792, 16.1130404], [120.798284, 16.1130392], [120.7982048, 16.1130069], [120.7981633, 16.1129593], [120.7981351, 16.1129026], [120.7981405, 16.1128279], [120.7981713, 16.1127274], [120.7983376, 16.1124078], [120.7984073, 16.112297], [120.7984851, 16.1122223], [120.7988378, 16.1119762], [120.7991785, 16.1116966], [120.7995285, 16.1113359], [120.7995795, 16.1112676], [120.7996009, 16.1112096], [120.7996063, 16.1111516], [120.7995902, 16.1110885], [120.799558, 16.1110279], [120.7993649, 16.1108385], [120.7992509, 16.1107097], [120.7991101, 16.1104881], [120.7989612, 16.1102239], [120.7989304, 16.1101363], [120.7989196, 16.1100552], [120.7989317, 16.1099637], [120.7989693, 16.1098877], [120.7993421, 16.1095346], [120.7993837, 16.1094702], [120.7994038, 16.1094058], [120.7994105, 16.1093401], [120.7994172, 16.109112], [120.7994373, 16.1090012], [120.7994802, 16.1088801], [120.799499, 16.1088002], [120.799491, 16.1087384], [120.7994507, 16.1086881], [120.7993689, 16.1086572], [120.7992737, 16.1086598], [120.7991745, 16.1086907], [120.7990699, 16.1087358], [120.7989478, 16.1087899], [120.7988352, 16.1088131], [120.7987064, 16.1088221], [120.7986085, 16.1088105], [120.7985254, 16.1087667], [120.7984798, 16.10871], [120.798465, 16.1086507], [120.7984704, 16.108433], [120.798457, 16.1083364], [120.7984301, 16.1082603], [120.7983899, 16.1081933], [120.7983322, 16.1081006], [120.7982974, 16.1079885], [120.7983014, 16.1078699], [120.7983349, 16.1077205], [120.7983845, 16.1075865], [120.7985012, 16.1074074], [120.7986219, 16.1072863], [120.7987051, 16.1072296], [120.7987922, 16.1072038], [120.7991034, 16.1071896], [120.7992268, 16.1071664], [120.7993448, 16.1070994], [120.7996264, 16.1068624], [120.7996881, 16.1067799], [120.7997096, 16.1066846], [120.7996827, 16.1065866], [120.7995996, 16.1065145], [120.7994816, 16.1064887], [120.7991892, 16.1065016], [120.7989424, 16.1065016], [120.7988083, 16.1064784], [120.7986957, 16.1064269], [120.7986313, 16.1063573], [120.7986233, 16.1062671], [120.7986447, 16.106164], [120.7987466, 16.1059141], [120.7987949, 16.1058007], [120.798803, 16.1057156], [120.7987815, 16.1056358], [120.7987332, 16.1055662], [120.7985321, 16.1054193], [120.7981995, 16.1051436], [120.7980064, 16.1050173], [120.7978803, 16.1049116], [120.7978347, 16.1048446], [120.7978293, 16.1047544], [120.7978588, 16.1046694], [120.7979339, 16.1045844], [120.7986394, 16.1040947], [120.7986876, 16.1040329], [120.7987145, 16.1039582], [120.7987145, 16.1038731], [120.7986501, 16.1037855], [120.7984301, 16.1036438], [120.7983443, 16.1035562], [120.7983041, 16.1034711], [120.7983041, 16.1033603], [120.7983229, 16.103283], [120.798398, 16.1031541], [120.7984704, 16.1030253], [120.7985455, 16.1028861], [120.7985803, 16.102765], [120.798583, 16.1026774], [120.7985535, 16.1025795], [120.7984543, 16.1024687], [120.7983336, 16.1023733], [120.7981941, 16.1023166], [120.7980573, 16.1023166], [120.7979286, 16.1023476], [120.7977489, 16.1024712], [120.7976362, 16.1025486], [120.7975128, 16.1025666], [120.7974055, 16.1025357], [120.797317, 16.1024816], [120.7972714, 16.1023811], [120.7972741, 16.1022702], [120.7973036, 16.102162], [120.7973143, 16.1020564], [120.7973224, 16.1019172], [120.7973224, 16.101809], [120.7973036, 16.1016775], [120.7972768, 16.1015358], [120.7972822, 16.1014173], [120.797309, 16.1012626], [120.7973251, 16.1011415], [120.7973197, 16.1010616], [120.7972875, 16.1009895], [120.7970595, 16.100755], [120.7969737, 16.1006467], [120.7968879, 16.100487], [120.7968208, 16.1003349], [120.7967994, 16.100237], [120.7968101, 16.1001391], [120.796853, 16.1000618], [120.7972312, 16.0996211], [120.7973519, 16.0994639], [120.7974163, 16.0993479], [120.7974377, 16.0992706], [120.7974431, 16.0991624], [120.7974216, 16.0989897], [120.7974243, 16.098866], [120.7974565, 16.0987707], [120.7975209, 16.0986779], [120.7976818, 16.0985542], [120.7978561, 16.0984382], [120.7982156, 16.0982578], [120.798347, 16.098178], [120.7984248, 16.0981058], [120.798465, 16.0980233], [120.7984838, 16.0979151], [120.7984918, 16.097745], [120.7985133, 16.0975672], [120.7985455, 16.0974306], [120.7985991, 16.0973198], [120.7986689, 16.0972038], [120.7986903, 16.0971085], [120.7986823, 16.0970338], [120.7986447, 16.0969487], [120.7985669, 16.0968379], [120.7984596, 16.0967116], [120.798398, 16.0966111], [120.7983604, 16.0964642], [120.7983282, 16.0963637], [120.7982612, 16.0962993], [120.7981592, 16.0962761], [120.7980654, 16.0962838], [120.7979366, 16.0963379], [120.7976335, 16.0964848], [120.797435, 16.0966214], [120.7972419, 16.0967838], [120.7971078, 16.0968482], [120.796971, 16.096892], [120.7968289, 16.0969229], [120.7966921, 16.0969719], [120.7966036, 16.0970338], [120.7965258, 16.0971343], [120.7963541, 16.0974152], [120.7962817, 16.0974925], [120.7962012, 16.0975543], [120.7961234, 16.0975749], [120.7960108, 16.097562], [120.7959223, 16.0975131], [120.7958499, 16.0974255], [120.7958311, 16.0973069], [120.7958633, 16.0969358], [120.7958579, 16.0967554], [120.7958364, 16.0966446], [120.7957372, 16.0965132], [120.7956219, 16.0963895], [120.7955897, 16.0963328], [120.7955897, 16.0962529], [120.7956165, 16.0961395], [120.7957184, 16.0958921], [120.7957855, 16.0956576], [120.7958338, 16.09532], [120.7958606, 16.0950159], [120.7959008, 16.0948149], [120.795984, 16.0945855], [120.7960081, 16.0945082], [120.7960081, 16.0944206], [120.7959813, 16.0943356], [120.7959169, 16.0942634], [120.7958418, 16.0942376], [120.7957587, 16.0942454], [120.795638, 16.0942892], [120.7955494, 16.0943278], [120.7954556, 16.0943356], [120.7953402, 16.0943021], [120.7952088, 16.0942351], [120.7950559, 16.0941526], [120.794895, 16.0940933], [120.7946295, 16.0940212], [120.7944846, 16.0939645], [120.794431, 16.0939232], [120.7943961, 16.0938665], [120.7943988, 16.0938073], [120.7944176, 16.0937506], [120.7944658, 16.0937016], [120.7945248, 16.0936887], [120.7945973, 16.0936964], [120.7951069, 16.0939335], [120.7952544, 16.0939928], [120.795359, 16.0940083], [120.7954448, 16.0939928], [120.7955253, 16.0939335], [120.7955709, 16.0938588], [120.7955977, 16.0937428], [120.7956246, 16.0936732], [120.7957345, 16.0935315], [120.795866, 16.0933949], [120.795925, 16.0932944], [120.7959625, 16.093181], [120.7959706, 16.0930084], [120.7959679, 16.0929001], [120.7959357, 16.0928202], [120.7958794, 16.0927635], [120.7958096, 16.0927249], [120.7957399, 16.0927223], [120.7956701, 16.0927558], [120.7955843, 16.0928486], [120.7954475, 16.0930084], [120.7952973, 16.0931553], [120.7951525, 16.0932506], [120.7950586, 16.0932764], [120.7949674, 16.0932686], [120.7948977, 16.0932197], [120.7948467, 16.0931192], [120.7947528, 16.0926656], [120.7947354, 16.0925226], [120.7947408, 16.0924259], [120.794773, 16.0922906], [120.7948253, 16.0922004], [120.7949218, 16.0920742], [120.7951042, 16.0918409], [120.7952183, 16.0916171], [120.7952544, 16.0915188], [120.7952586, 16.0914522], [120.795249, 16.0913951], [120.7952288, 16.0913487], [120.7951096, 16.0912637], [120.7949218, 16.0912173], [120.7948065, 16.0912095], [120.7946563, 16.0911966], [120.7945745, 16.0911528], [120.7945356, 16.0910961], [120.7945088, 16.0910059], [120.7944739, 16.0909029], [120.7944149, 16.0907302], [120.7943432, 16.0906128], [120.7941951, 16.0904703], [120.7940885, 16.0904127], [120.7939428, 16.0903743], [120.7937688, 16.0903301], [120.7935633, 16.0902444], [120.7934667, 16.0901761], [120.7933932, 16.0900896], [120.7933348, 16.0899952]]}, "properties": {"bus": "no", "hgv": "no", "highway": "primary", "lanes": "2", "name": "Pangasinan-Nueva Vizcaya Road", "old_name": "Villa Verde Trail", "ref": "114", "surface": "concrete", "width": "6.7"}}, {"type": "Feature", "geometry": {"type": "LineString", "coordinates": [[120.8536845, 16.1223866], [120.8539019, 16.12176], [120.8541862, 16.1211334], [120.8542364, 16.1206033], [120.8540357, 16.1192697], [120.8540858, 16.1190769], [120.8543869, 16.1184343], [120.8544371, 16.1180486], [120.8546377, 16.1171328], [120.854805, 16.1167954], [120.8550946, 16.1160889]]}, "properties": {"waterway": "stream"}}, {"type": "Feature", "geometry": {"type": "LineString", "coordinates": [[120.856076, 16.1197839], [120.8561095, 16.1192376], [120.8561095, 16.1187074], [120.8560091, 16.1182575], [120.8553736, 16.1175988], [120.8553736, 16.1172453], [120.8553234, 16.1166187], [120.8550946, 16.1160889]]}, "properties": {"waterway": "stream"}}, {"type": "Feature", "geometry": {"type": "LineString", "coordinates": [[120.8633889, 16.1714129], [120.8634901, 16.1713322], [120.8635643, 16.1712502], [120.8637137, 16.1711218], [120.8637903, 16.1710955], [120.8638565, 16.171113], [120.863913, 16.1711518], [120.8639785, 16.1712212], [120.8640408, 16.1713272], [120.8640752, 16.1714215], [120.8640768, 16.1715082], [120.8640585, 16.1715696], [120.8640065, 16.1716283], [120.8639517, 16.1717034], [120.8638559, 16.171888], [120.8638264, 16.1719524], [120.8638144, 16.1720168], [120.8638224, 16.1720709], [120.8638559, 16.1721379], [120.8639364, 16.1722371], [120.8640155, 16.1723234], [120.864033, 16.1723685], [120.864033, 16.1724329], [120.8640169, 16.172496], [120.8639699, 16.1725771], [120.8637848, 16.172876], [120.8636937, 16.1729713], [120.8634858, 16.1731271], [120.8633772, 16.1732405], [120.8633356, 16.1733294], [120.8633289, 16.1734169], [120.8633517, 16.1734968], [120.8633879, 16.1735612], [120.8634241, 16.1735889], [120.8634704, 16.1736011], [120.8635247, 16.1735921], [120.8636373, 16.1735573], [120.8638398, 16.17348], [120.8639646, 16.1734053], [120.8641081, 16.1732701], [120.8641697, 16.1732315], [120.8642274, 16.1732263], [120.8643079, 16.1732366], [120.8644313, 16.1732675], [120.8645426, 16.1732753], [120.8646324, 16.1732637], [120.8647129, 16.1732315], [120.8648255, 16.1731426], [120.8649409, 16.1730022], [120.8650509, 16.1729172], [120.8651997, 16.1728399], [120.8653553, 16.1727626], [120.8654384, 16.1727021], [120.8655216, 16.1726016], [120.8655551, 16.1725166], [120.8655792, 16.1724264], [120.8656315, 16.1723492], [120.8656865, 16.1722925], [120.8657858, 16.172201], [120.8660339, 16.1720297], [120.8660956, 16.1720207], [120.8661479, 16.172031], [120.8661968, 16.1720548], [120.866231, 16.1720967], [120.8662605, 16.1721675], [120.8662806, 16.1722603], [120.8663531, 16.1728025], [120.8663812, 16.1728695], [120.8664322, 16.1729249], [120.8665019, 16.1729532], [120.8665918, 16.172961], [120.8667178, 16.1729468], [120.8668399, 16.1729365], [120.8669579, 16.1729455], [120.8670585, 16.1729442], [120.8671939, 16.1729133], [120.8673468, 16.1728785], [120.8674407, 16.1728734], [120.8675413, 16.172903], [120.8678538, 16.1730241], [120.8681515, 16.1731323], [120.8682588, 16.1731503], [120.8684197, 16.1731555], [120.8685726, 16.1731709], [120.8686477, 16.1732018], [120.8687496, 16.1732765], [120.8690098, 16.1735676], [120.8692968, 16.1739231], [120.8694872, 16.1741086], [120.8697098, 16.1742747], [120.8698493, 16.1743494], [120.8699445, 16.1743945], [120.8700129, 16.17441], [120.8701108, 16.1744139], [120.8701752, 16.1743997], [120.8702289, 16.1743733], [120.8702812, 16.1743121], [120.8703207, 16.1742303], [120.870371, 16.1740564], [120.8704361, 16.1738446], [120.8705145, 16.1736488], [120.8707117, 16.1733364], [120.870771, 16.1732938], [120.8708559, 16.1732554], [120.8709508, 16.17324], [120.8710483, 16.1732409], [120.8711259, 16.1732542], [120.8712474, 16.1733037], [120.8713971, 16.1733892], [120.871549, 16.1734989], [120.8717044, 16.1736108], [120.8718424, 16.1737101], [120.8719137, 16.1737486], [120.8719914, 16.1737711], [120.8720492, 16.1737662], [120.8721071, 16.1737581], [120.8721495, 16.1737335], [120.8721928, 16.1737004], [120.8722366, 16.1736436], [120.8723024, 16.1734866], [120.8723834, 16.1733683], [120.8724797, 16.1732787], [120.8726094, 16.1731514], [120.8726903, 16.1730464], [120.8727601, 16.1729325], [120.8727991, 16.1728254], [120.8728281, 16.1726974], [120.8728279, 16.1725952], [120.8727984, 16.1725308], [120.8727354, 16.1724825], [120.8726837, 16.1724419], [120.8725993, 16.1723762], [120.8725309, 16.1722699], [120.8725121, 16.1721572], [120.8725295, 16.1720271], [120.8725718, 16.1719177], [120.8726424, 16.1718684], [120.8727121, 16.1718453], [120.8727795, 16.1718477], [120.872854, 16.1718677], [120.8729379, 16.1719014], [120.8730986, 16.1719775], [120.8731793, 16.1719949], [120.8732517, 16.1720046], [120.8733295, 16.1720027], [120.873418, 16.1719704], [120.8735227, 16.1719168], [120.8736261, 16.1718595], [120.8736833, 16.1718134], [120.8737163, 16.1717716], [120.8737382, 16.1717228], [120.8737361, 16.1716706], [120.8737193, 16.1716379], [120.8736924, 16.1716138], [120.8736694, 16.1715974], [120.8736227, 16.17157], [120.8735549, 16.1715615], [120.8734321, 16.171566], [120.8733228, 16.1715609], [120.8732805, 16.171548], [120.8732471, 16.1715353], [120.8732212, 16.1715094], [120.8731692, 16.1714515], [120.8731477, 16.1713995], [120.8731397, 16.1713466], [120.8731486, 16.1713038], [120.8731716, 16.1712635], [120.8732042, 16.1712279]]}, "properties": {"bus": "no", "hgv": "no", "highway": "primary", "lanes": "2", "name": "Nueva Vizcaya-Pangasinan Road", "old_name": "Villa Verde Trail", "ref": "114", "surface": "concrete", "width": "6.6"}}, {"type": "Feature", "geometry": {"type": "LineString", "coordinates": [[120.8713621, 16.1760844], [120.8713641, 16.1761566], [120.8713755, 16.1762989], [120.8713936, 16.1764451], [120.8713829, 16.1765887], [120.8713098, 16.1767394], [120.8712427, 16.1768579], [120.8711737, 16.1769371], [120.8711046, 16.1769938], [120.8710174, 16.1770459], [120.8708823, 16.1770907], [120.8707499, 16.1771264], [120.8706708, 16.1771571], [120.8705842, 16.1772005], [120.8705313, 16.1772552], [120.8704857, 16.1773203], [120.870428, 16.1774124], [120.8703422, 16.1776062], [120.8702765, 16.1777543], [120.8702121, 16.1778419], [120.8701122, 16.1779482], [120.870023, 16.1780254], [120.8698537, 16.1781332], [120.8697581, 16.1781897], [120.8696978, 16.1782431], [120.8696683, 16.1782818], [120.8696254, 16.1783822], [120.8695777, 16.1785226], [120.8695375, 16.1786237], [120.8694839, 16.1786785], [120.8694235, 16.1787177], [120.86928, 16.1788002], [120.8691553, 16.1788478], [120.8690125, 16.1788678], [120.8688945, 16.1788652], [120.8687899, 16.1788639], [120.8687335, 16.1788717], [120.8686826, 16.1788884], [120.8686128, 16.17892], [120.8684948, 16.1789663], [120.8683198, 16.1790449], [120.8681595, 16.1791331], [120.8680784, 16.1791801], [120.8679912, 16.1792233], [120.8679134, 16.1792413], [120.8678303, 16.1792555], [120.8676231, 16.1792896], [120.8675031, 16.1793096], [120.8674555, 16.1793231], [120.8673985, 16.179345], [120.8673448, 16.179374], [120.8672369, 16.1794171], [120.8672, 16.1794558], [120.8671711, 16.1795041], [120.8671477, 16.1795575], [120.8671376, 16.1796226], [120.8671222, 16.1797301], [120.8670974, 16.1798537], [120.8670531, 16.1799761], [120.8670102, 16.1800862], [120.8669988, 16.1801442], [120.8669975, 16.1801918], [120.8669914, 16.1802376], [120.8669847, 16.1802646], [120.8669646, 16.1803097], [120.8669136, 16.180396], [120.8668131, 16.1805551], [120.8667775, 16.1806117], [120.8667473, 16.1806491], [120.8667098, 16.1806632], [120.866685, 16.1806684], [120.866626, 16.1806658], [120.8665469, 16.1806581], [120.8664315, 16.1806323], [120.8663645, 16.1806356], [120.8662974, 16.1806446], [120.866223, 16.1806433], [120.8661613, 16.1806407], [120.8660781, 16.1806484], [120.8660299, 16.1806678], [120.8659896, 16.1807103], [120.8659729, 16.1807431], [120.8659481, 16.180792], [120.865932, 16.1808474], [120.8659346, 16.1809299], [120.8659467, 16.1810277], [120.8659494, 16.1811256], [120.8659212, 16.1811965], [120.8658555, 16.1812531], [120.865767, 16.1812789], [120.8656584, 16.181275], [120.8656007, 16.1812609], [120.8655283, 16.1812512], [120.8654921, 16.1812454], [120.865425, 16.1812467], [120.8653288, 16.1812411], [120.8652279, 16.18123], [120.8651032, 16.1812145], [120.8649825, 16.1812261], [120.864898, 16.1812531], [120.8648296, 16.1812828], [120.8647357, 16.1813407], [120.8646794, 16.1813549], [120.8645828, 16.1813613], [120.864505, 16.1813897], [120.8644182, 16.1814403], [120.8642474, 16.1815496], [120.8641711, 16.1815996], [120.8641134, 16.1816279], [120.8640571, 16.1816408], [120.8639726, 16.1816434], [120.8638532, 16.1816344], [120.8637929, 16.1816176], [120.8637446, 16.1815842], [120.8636172, 16.1814876], [120.8635099, 16.1814077], [120.8634335, 16.1813523], [120.8634013, 16.1813407], [120.863357, 16.1813295], [120.8633178, 16.1813269], [120.8632893, 16.1813266], [120.8632588, 16.1813298], [120.863229, 16.1813356], [120.8632058, 16.1813468], [120.863183, 16.1813536], [120.8631632, 16.1813555], [120.8631404, 16.1813523], [120.8631203, 16.1813414], [120.8631063, 16.1813182], [120.8630949, 16.1812795], [120.8630814, 16.1812261], [120.8630734, 16.181199], [120.8630607, 16.1811771], [120.8630402, 16.1811601], [120.8630151, 16.1811453], [120.8629799, 16.1811327], [120.8629111, 16.1811179], [120.8628467, 16.1811134], [120.8628038, 16.1811153], [120.8627649, 16.1811224], [120.8627321, 16.181134], [120.8627113, 16.1811524], [120.8626939, 16.1811736], [120.8626741, 16.1812003], [120.862655, 16.1812174], [120.8626342, 16.1812248], [120.8626033, 16.1812267], [120.8625598, 16.1812203], [120.8625215, 16.1812093], [120.8624867, 16.1811894], [120.8624424, 16.1811585], [120.8624028, 16.1811263], [120.8623626, 16.1810876], [120.8623063, 16.1810348], [120.8622674, 16.1810065], [120.8622308, 16.1809885], [120.8621906, 16.180973], [120.8621514, 16.1809598], [120.862087, 16.1809415], [120.8619408, 16.1809041], [120.8617745, 16.1808642], [120.8615988, 16.1808101], [120.8614735, 16.1807792], [120.8613943, 16.1807644], [120.8613286, 16.1807586], [120.861277, 16.1807592], [120.86122, 16.1807663], [120.8611429, 16.1807805], [120.8610356, 16.1808101], [120.8609122, 16.1808397], [120.8608317, 16.1808584], [120.8607734, 16.1808783], [120.8607358, 16.1808996], [120.8607117, 16.1809228], [120.860697, 16.1809492], [120.8606903, 16.1809872], [120.8606903, 16.1810342], [120.8606923, 16.1811614], [120.8606886, 16.1811858], [120.8606832, 16.1812106], [120.8606735, 16.1812354], [120.8606604, 16.1812657], [120.860652, 16.1812882], [120.860648, 16.1813124], [120.8606426, 16.1813436], [120.8606312, 16.1813974], [120.8606098, 16.1814753], [120.8605883, 16.1815281], [120.8605692, 16.181569], [120.8605531, 16.1815951], [120.860535, 16.1816199], [120.8605169, 16.1816399], [120.8604951, 16.181654], [120.860477, 16.1816595], [120.8604606, 16.1816608], [120.8604432, 16.1816579], [120.8604254, 16.1816511], [120.8604059, 16.1816447], [120.8603892, 16.1816399], [120.8603778, 16.1816384], [120.8603669, 16.181639], [120.860352, 16.1816421], [120.8603345, 16.1816534], [120.8603181, 16.181665], [120.8602963, 16.1816769], [120.8602738, 16.1816827], [120.8602531, 16.181684], [120.8602189, 16.1816775], [120.8601729, 16.1816624], [120.8601327, 16.1816444], [120.8600955, 16.1816238], [120.8600613, 16.1816009], [120.8600096, 16.18157], [120.8599801, 16.1815555], [120.859964, 16.181551], [120.8599521, 16.1815503], [120.8599433, 16.1815521], [120.8599369, 16.1815555], [120.8599319, 16.1815618], [120.8599287, 16.1815689], [120.8599255, 16.1815832], [120.8599211, 16.1816215], [120.8599178, 16.1816775], [120.8599151, 16.1817664], [120.8599131, 16.1825334], [120.8599126, 16.1826113], [120.8599099, 16.1826289], [120.8599054, 16.1826403], [120.859899, 16.1826506], [120.8598903, 16.1826577], [120.8598811, 16.1826599], [120.859871, 16.1826593], [120.859862, 16.1826567], [120.8598516, 16.1826514], [120.8598356, 16.182639], [120.8598175, 16.1826219], [120.859785, 16.182592], [120.8597666, 16.1825788], [120.8597501, 16.182574], [120.8597297, 16.182572], [120.8597099, 16.1825743], [120.8596895, 16.1825804], [120.859667, 16.1825933], [120.8596489, 16.1826145], [120.8596355, 16.182648], [120.8596221, 16.1827092], [120.8596154, 16.1827504], [120.8596097, 16.1827932], [120.8596013, 16.1828238], [120.8595929, 16.1828448], [120.8595818, 16.1828631], [120.8595651, 16.1828821], [120.8594873, 16.1829385], [120.8594303, 16.182981], [120.8593592, 16.183037], [120.8593116, 16.1830743], [120.8592794, 16.1831065], [120.8592553, 16.1831394], [120.8592385, 16.1831754], [120.8592204, 16.1832199], [120.8592036, 16.1832598], [120.8591828, 16.1832971], [120.8591574, 16.183321], [120.8591312, 16.1833332], [120.8591057, 16.183339], [120.8590735, 16.1833377], [120.859032, 16.1833306], [120.8589857, 16.1833194], [120.8589515, 16.1833087], [120.8589086, 16.1832952], [120.8588684, 16.1832849], [120.8588167, 16.183281], [120.858749, 16.1832759], [120.8586048, 16.1832727], [120.8585277, 16.183272], [120.8584714, 16.1832688], [120.8584238, 16.1832579], [120.8583487, 16.1832334], [120.8582689, 16.1832012], [120.8581998, 16.1831645], [120.8581549, 16.1831258], [120.8581187, 16.1830872], [120.8580972, 16.1830544], [120.8580868, 16.183017], [120.8580805, 16.1829877], [120.8580771, 16.1829542], [120.8580774, 16.1829204], [120.8580798, 16.1828876], [120.8580795, 16.1828741], [120.8580781, 16.1828628], [120.8580729, 16.1828523], [120.8580674, 16.1828449], [120.858057, 16.1828383], [120.8580367, 16.1828301], [120.8580169, 16.1828251], [120.8579936, 16.1828212], [120.8579718, 16.1828201], [120.8579529, 16.1828227], [120.85794, 16.1828272], [120.8579296, 16.1828344], [120.8579165, 16.182846], [120.8579031, 16.1828673], [120.8578907, 16.182893], [120.8578712, 16.1829494], [120.8578525, 16.1829925], [120.8578317, 16.1830264], [120.8578139, 16.1830524], [120.8577841, 16.183084], [120.8576694, 16.1831877], [120.8575729, 16.1832711], [120.857537, 16.1833036], [120.8575098, 16.1833268], [120.8574887, 16.1833387], [120.8574609, 16.183348], [120.8574273, 16.1833541], [120.8573995, 16.1833548], [120.8573717, 16.1833512], [120.8573465, 16.1833445], [120.8573207, 16.1833342], [120.8572936, 16.1833213], [120.8572678, 16.1833139], [120.8572356, 16.1833075], [120.8571963, 16.1833023], [120.8571534, 16.1832991], [120.8571202, 16.1832943], [120.8570994, 16.1832872], [120.8570659, 16.1832759], [120.8569955, 16.1832514], [120.8569432, 16.1832244], [120.8568849, 16.183189], [120.8568265, 16.1831471], [120.856787, 16.1831226], [120.8567541, 16.1831052], [120.8567259, 16.1830937], [120.8566837, 16.1830821], [120.8566408, 16.1830782], [120.8565858, 16.1830795], [120.8565067, 16.1830846], [120.8564322, 16.1830949], [120.8563893, 16.1831052], [120.8563478, 16.1831201], [120.8563095, 16.1831381], [120.8562532, 16.1831671], [120.8562089, 16.1831883], [120.8561815, 16.1832044], [120.8561516, 16.1832263], [120.8560933, 16.1832685], [120.8560661, 16.1832868], [120.8560403, 16.1832997], [120.8560142, 16.1833065], [120.8559796, 16.1833113], [120.8559347, 16.1833139], [120.855869, 16.1833165], [120.8557825, 16.1833178], [120.8557382, 16.1833203], [120.8556973, 16.1833248], [120.8556604, 16.1833332], [120.8556276, 16.1833487], [120.8555887, 16.1833731], [120.855535, 16.1834156], [120.8555055, 16.1834343], [120.8554693, 16.1834504], [120.8554358, 16.1834594], [120.8553902, 16.1834678], [120.8552641, 16.1834736], [120.8551991, 16.1834762], [120.8551096, 16.1834778], [120.8550717, 16.1834755], [120.8550526, 16.1834723], [120.8550348, 16.1834662], [120.8550144, 16.1834562], [120.8550023, 16.1834453], [120.8549879, 16.1834266], [120.8549651, 16.1833963], [120.854901, 16.1832885], [120.8548806, 16.1832617], [120.8548484, 16.1832257], [120.8548229, 16.1832025], [120.8548011, 16.1831877], [120.8547743, 16.1831722], [120.8547532, 16.1831548], [120.8547435, 16.1831424], [120.8547376, 16.183131], [120.8547346, 16.1831175], [120.8547295, 16.1830814], [120.8547247, 16.1830418], [120.854715, 16.1829906], [120.8547015, 16.1829488], [120.85467, 16.1828934], [120.8546104, 16.1828], [120.8545795, 16.1827362], [120.8545547, 16.1826525], [120.8545366, 16.1825817], [120.8545171, 16.1825237], [120.8544917, 16.1824748], [120.8544759, 16.182451], [120.8544561, 16.1824265], [120.8544333, 16.1824065], [120.8544062, 16.1823872], [120.854384, 16.1823737], [120.8543633, 16.1823634], [120.8543485, 16.1823521], [120.8543395, 16.1823392], [120.8543354, 16.1823228], [120.8543334, 16.1823035], [120.8543368, 16.1822487], [120.8543398, 16.182176], [120.8543388, 16.1821544], [120.8543344, 16.1821364], [120.8543281, 16.1821206], [120.854316, 16.1821051], [120.8542925, 16.1820929], [120.854265, 16.1820865], [120.8542362, 16.1820852], [120.8542053, 16.1820871], [120.8541618, 16.1820955], [120.8540055, 16.1821476], [120.8539425, 16.1821682], [120.8539053, 16.182184], [120.8538805, 16.1821975], [120.8538691, 16.1822085], [120.8538593, 16.1822249], [120.853854, 16.1822436], [120.8538499, 16.1822706], [120.8538463, 16.1823138], [120.8538372, 16.182373], [120.8538278, 16.182411], [120.8538161, 16.18243], [120.8538017, 16.1824464], [120.8537829, 16.1824593], [120.8537581, 16.1824709], [120.853738, 16.1824741], [120.8537162, 16.1824719], [120.8536937, 16.1824635], [120.8536702, 16.182451], [120.8536374, 16.1824303], [120.8536106, 16.182411], [120.8535888, 16.1823994], [120.85357, 16.1823927], [120.8535492, 16.1823882], [120.8535264, 16.1823866], [120.8535063, 16.1823891], [120.8534808, 16.1823959], [120.8534503, 16.1824062], [120.8534221, 16.182413], [120.8533899, 16.1824155], [120.8533661, 16.1824104], [120.8533467, 16.1824001], [120.8533283, 16.1823846], [120.8532974, 16.1823447], [120.8532625, 16.1822912], [120.8532401, 16.1822516], [120.8532223, 16.1822304], [120.8531998, 16.182212], [120.8531824, 16.1822011], [120.853162, 16.182193], [120.8531294, 16.1821853], [120.8530962, 16.1821805], [120.8530563, 16.1821769], [120.8530195, 16.1821795], [120.8529856, 16.1821843], [120.8529487, 16.1821953], [120.8529051, 16.1822172], [120.8528595, 16.1822468], [120.852826, 16.1822636], [120.8527844, 16.1822732], [120.8527248, 16.1822758], [120.8526731, 16.1822706], [120.8526389, 16.1822642], [120.8526081, 16.1822552], [120.8525766, 16.1822426], [120.85254, 16.1822291], [120.8525135, 16.1822243], [120.8524881, 16.1822246], [120.8524632, 16.1822297], [120.8524391, 16.1822436], [120.8524187, 16.1822623], [120.8523989, 16.1822797], [120.8523818, 16.1822887], [120.8523633, 16.1822912], [120.8523439, 16.182289], [120.8523208, 16.1822813], [120.8523043, 16.1822697], [120.8522825, 16.1822539], [120.8522577, 16.1822378], [120.8522322, 16.1822256], [120.8522041, 16.1822146], [120.8521635, 16.1822024], [120.8521273, 16.1821943], [120.8520884, 16.1821843], [120.8520495, 16.1821695], [120.8520153, 16.1821541], [120.8519644, 16.1821283], [120.8518973, 16.1821013], [120.85178, 16.1820652], [120.851672, 16.1820401], [120.8514809, 16.1820072], [120.8512925, 16.1819796], [120.8512301, 16.1819699], [120.8511778, 16.181966], [120.8511349, 16.181968], [120.851091, 16.1819757], [120.8510537, 16.1819841], [120.8510048, 16.182004], [120.850917, 16.1820414], [120.8508449, 16.1820723], [120.8507973, 16.1820868], [120.8507567, 16.1820929], [120.8507242, 16.1820942], [120.850695, 16.1820932], [120.8506672, 16.182089], [120.8506484, 16.1820823], [120.8506303, 16.1820713], [120.8506112, 16.1820572], [120.8505803, 16.1820285], [120.8505354, 16.1819886], [120.8504791, 16.1819287], [120.8504355, 16.1818746], [120.8504026, 16.1818269], [120.8503725, 16.1817806], [120.850349, 16.1817445], [120.8503349, 16.1817258], [120.8503175, 16.18171], [120.8502957, 16.181693], [120.8502719, 16.1816811], [120.850243, 16.1816698], [120.8502102, 16.1816592], [120.8501793, 16.1816508], [120.8501519, 16.1816415], [120.8501234, 16.1816267], [120.8501029, 16.1816131], [120.8500835, 16.1815967], [120.8500627, 16.1815742], [120.8500452, 16.1815503], [120.8500358, 16.1815313], [120.8500291, 16.1815075], [120.8500268, 16.1814827], [120.8500301, 16.1814595], [120.8500392, 16.181428], [120.8500489, 16.1814019], [120.850058, 16.1813716], [120.8500647, 16.1813488], [120.8500684, 16.1813278], [120.8500675, 16.1813132], [120.8500643, 16.1812984], [120.8500575, 16.1812845], [120.8500429, 16.1812657], [120.8500275, 16.181248], [120.850004, 16.1812235], [120.8499805, 16.1812055], [120.8499564, 16.1811788], [120.8499175, 16.1811527]]}, "properties": {"highway": "unclassified"}}, {"type": "Feature", "geometry": {"type": "LineString", "coordinates": [[120.8701108, 16.1744139], [120.8701135, 16.1744589], [120.8701068, 16.1745066], [120.870076, 16.1745344], [120.8700185, 16.1745426], [120.8699773, 16.1745335], [120.8698788, 16.1744615], [120.8697461, 16.1743546], [120.8696568, 16.1743152], [120.8695738, 16.1743016], [120.8694698, 16.174316], [120.8693857, 16.1743261], [120.8692701, 16.174329], [120.8689653, 16.1743172], [120.8688352, 16.1743094], [120.8687579, 16.1743016], [120.8686441, 16.1743406], [120.8684164, 16.1743641], [120.8681563, 16.1745359], [120.8680831, 16.1745905], [120.8679774, 16.1745671], [120.8678066, 16.1745515], [120.8676156, 16.1746022], [120.8674204, 16.1747584], [120.8672781, 16.1747584], [120.8670464, 16.1746647], [120.8668756, 16.1746413], [120.8667537, 16.1746296], [120.8666642, 16.1747038], [120.8666642, 16.174817], [120.866587, 16.1749693], [120.8664081, 16.175063], [120.8663309, 16.1750981], [120.8662821, 16.1752153], [120.8662252, 16.1753831], [120.8662211, 16.1755237], [120.8662699, 16.1756526], [120.8662821, 16.1757424], [120.8662211, 16.1757775], [120.8661357, 16.1757619], [120.8658918, 16.1756135], [120.8658186, 16.1756018], [120.8656357, 16.1755979], [120.8655218, 16.1756291], [120.8654609, 16.1757111], [120.8654243, 16.1758829], [120.8653714, 16.176004], [120.8652535, 16.1760586], [120.8651722, 16.1761445], [120.8651275, 16.1763398], [120.8650137, 16.1764569], [120.8649201, 16.1765818], [120.864908, 16.1767732], [120.8651397, 16.1769215], [120.8652251, 16.1768395], [120.8652332, 16.1768083]]}, "properties": {"highway": "path"}}, {"type": "Feature", "geometry": {"type": "LineString", "coordinates": [[120.8056453, 16.1238642], [120.8053087, 16.1240536], [120.8051424, 16.1241876], [120.8049814, 16.124337], [120.8048473, 16.1244375], [120.8047588, 16.1245431], [120.8046918, 16.1247544], [120.8047079, 16.1250224], [120.8048205, 16.1253522], [120.8048768, 16.1255429], [120.8049922, 16.1257104], [120.805188, 16.1259449], [120.8053342, 16.1261561], [120.805479, 16.1263262], [120.8055514, 16.1264525], [120.8055756, 16.126589], [120.8055568, 16.1266509], [120.8053824, 16.1267359], [120.8051813, 16.1268312], [120.8049828, 16.1269446], [120.8048862, 16.1270992], [120.8049157, 16.1272654], [120.8049962, 16.1273556], [120.8051276, 16.1274097], [120.8052939, 16.1274071], [120.8054549, 16.1274355], [120.805546, 16.1274947], [120.8055702, 16.1275591], [120.8055675, 16.1276442], [120.8055165, 16.1277395], [120.805479, 16.1278194], [120.8054629, 16.1279173], [120.8054709, 16.1279817], [120.8055863, 16.1280204], [120.8056882, 16.1280126], [120.8057418, 16.1280255], [120.8057606, 16.1281054], [120.805707, 16.12826], [120.8057284, 16.1283811], [120.8057687, 16.1285743], [120.805833, 16.128698], [120.8059564, 16.1289557], [120.8060637, 16.1291747], [120.8061402, 16.1294878], [120.8061697, 16.1295934], [120.806167, 16.1297016], [120.8061723, 16.1297763], [120.806226, 16.1298382], [120.8063494, 16.1298897], [120.8064352, 16.1299567], [120.8065693, 16.1300546], [120.806631, 16.1301422], [120.8066793, 16.1302247], [120.8068, 16.1302942], [120.8069153, 16.1303612], [120.8069716, 16.1304437], [120.8069904, 16.1305699], [120.8069314, 16.1307091], [120.8069019, 16.1307838], [120.8068778, 16.1308946], [120.8069153, 16.1310028], [120.8069958, 16.1310878], [120.807154, 16.1311007], [120.8073257, 16.1311419], [120.8074518, 16.1312192], [120.8078246, 16.1316032], [120.8081169, 16.1319639], [120.808294, 16.1321391], [120.8084844, 16.1324225], [120.8085273, 16.1325977], [120.8085541, 16.1327111], [120.8086373, 16.1328502], [120.8088009, 16.1329791], [120.8090074, 16.1331311], [120.8091469, 16.1332805], [120.8092086, 16.1334145], [120.8092542, 16.1335304], [120.8092274, 16.1336541], [120.8091415, 16.1337649], [120.8090745, 16.1338654], [120.8090101, 16.1339839], [120.8089457, 16.1340638], [120.8088867, 16.1341797], [120.8086051, 16.1343704], [120.808294, 16.1346178], [120.808074, 16.1348136], [120.8079828, 16.1349733], [120.8080257, 16.1352516], [120.8080526, 16.1354474], [120.8080848, 16.1356587], [120.8081009, 16.1358339], [120.8082403, 16.1360039], [120.808471, 16.1360915], [120.8086963, 16.1362461], [120.8087821, 16.1364574], [120.8089109, 16.1368593], [120.8089216, 16.136983], [120.808868, 16.1371994], [120.8087821, 16.1372922], [120.8087821, 16.1374159], [120.8089377, 16.1376117], [120.809281, 16.1378693], [120.8093722, 16.1381322], [120.8094634, 16.138395], [120.8095868, 16.1385908], [120.8096619, 16.1388433], [120.8096565, 16.1390288], [120.8095975, 16.1391782], [120.8095278, 16.1392813], [120.8095278, 16.1394204], [120.8097531, 16.1396523], [120.8099301, 16.1400181], [120.8102842, 16.1403995], [120.810665, 16.1408684], [120.8108367, 16.1411827], [120.8109494, 16.1414919], [120.8110459, 16.1418681], [120.8110191, 16.1421102], [120.8109842, 16.1422082], [120.8109923, 16.14227], [120.8110486, 16.1422906], [120.8111773, 16.1422803], [120.8113329, 16.1422854], [120.8115099, 16.1423215], [120.8116387, 16.14244], [120.8116816, 16.1426152], [120.8116494, 16.1427234], [120.811526, 16.1428935], [120.8114938, 16.1429966], [120.8115046, 16.1430584], [120.8116011, 16.1432233], [120.8118264, 16.1434861], [120.8120464, 16.1437437], [120.8121698, 16.1439344], [120.8124433, 16.1442178], [120.8127169, 16.1444239], [120.8130549, 16.1445424], [120.8132695, 16.1446609], [120.8135377, 16.1448052], [120.8136933, 16.1449083], [120.8137952, 16.1450371], [120.8137684, 16.1451453], [120.8136879, 16.1452999], [120.8136128, 16.145439], [120.8136128, 16.1455678], [120.8137201, 16.1457173], [120.8138703, 16.1458615], [120.8139722, 16.1461604], [120.8140419, 16.1466602], [120.8141546, 16.1471291], [120.8141492, 16.1473971], [120.8141546, 16.1477166], [120.814219, 16.1480463], [120.814278, 16.1482576], [120.8143048, 16.1485565], [120.8143424, 16.1488347], [120.8143853, 16.1490769], [120.8144765, 16.1492727], [120.8146213, 16.1496334], [120.8147554, 16.1499219], [120.8148144, 16.1501847], [120.8148734, 16.1504269], [120.8148627, 16.1507464], [120.8148573, 16.1510813], [120.8148949, 16.1513853], [120.8148855, 16.1516069], [120.8148587, 16.1517254], [120.8148587, 16.1518903], [120.8148989, 16.1519843], [120.8149445, 16.1520822], [120.8149847, 16.1521518], [120.8151001, 16.1522136], [120.8152288, 16.1522651], [120.8154407, 16.1523218], [120.815607, 16.1523804], [120.8157894, 16.1523701], [120.8159074, 16.1523237], [120.8159933, 16.1522671], [120.8160764, 16.152231], [120.8162212, 16.1522799], [120.8163688, 16.1523675], [120.8164868, 16.1523624], [120.8165833, 16.1523083], [120.8167228, 16.1522671], [120.8168274, 16.1522645], [120.8169642, 16.1522825], [120.8171895, 16.1523907], [120.8172619, 16.1524397], [120.8173692, 16.1525711], [120.8173451, 16.1528416], [120.8172754, 16.153125], [120.8172646, 16.153362], [120.8173129, 16.1535114], [120.817447, 16.1536299], [120.8177635, 16.1537278], [120.8179835, 16.1538515], [120.8182034, 16.1540009], [120.8183697, 16.1541761], [120.8185306, 16.1543874], [120.8186272, 16.1545522], [120.818831, 16.1548253], [120.8190563, 16.1549477], [120.8192387, 16.1550095], [120.8193621, 16.155025], [120.8195499, 16.1550353], [120.8197215, 16.1549374], [120.8198825, 16.1548292], [120.8200595, 16.1548034], [120.8202419, 16.1548859], [120.8203331, 16.1549838], [120.8204135, 16.1552105], [120.8205047, 16.1554166], [120.8205798, 16.1555287], [120.8206549, 16.1555596], [120.8207649, 16.1555209], [120.8208346, 16.155454], [120.8209714, 16.1554076], [120.8211297, 16.1553895], [120.821296, 16.1553535], [120.821406, 16.1552968], [120.8215293, 16.1552504], [120.8215937, 16.1552865], [120.8216125, 16.1554102], [120.8215991, 16.1556008], [120.821591, 16.1557142], [120.8216179, 16.1558146], [120.821701, 16.1558662], [120.8218002, 16.1558739], [120.8219451, 16.1557245], [120.822039, 16.1555725], [120.8221275, 16.1554668], [120.8222509, 16.1553045], [120.8224467, 16.1551216], [120.8225566, 16.1550881], [120.8229657, 16.1550765], [120.8234914, 16.1551281], [120.8239688, 16.155195], [120.8242585, 16.1552388], [120.8245669, 16.1552878], [120.8246648, 16.1553213], [120.8247198, 16.155414], [120.8247104, 16.1555918], [120.8247373, 16.1557129], [120.8248285, 16.1558185], [120.825102, 16.1558881], [120.8253488, 16.1559422], [120.8257055, 16.1560993], [120.8258477, 16.1561792], [120.8259228, 16.1563363], [120.8259845, 16.15646], [120.8261159, 16.1566764], [120.8262447, 16.1567666], [120.8264271, 16.1568232], [120.8265451, 16.1569005], [120.826647, 16.1570474], [120.8266524, 16.1572251], [120.8267248, 16.1576631], [120.8268026, 16.1578486], [120.8269125, 16.1579877], [120.827103, 16.1580753], [120.8272585, 16.1581681], [120.8273926, 16.1583329], [120.8275858, 16.158387], [120.8279774, 16.158454], [120.8282456, 16.1584695], [120.8285138, 16.1584437], [120.8286694, 16.1584386], [120.8288518, 16.1584386], [120.8290449, 16.1585004], [120.8291039, 16.1586137], [120.82912, 16.1587889], [120.8291736, 16.1589693], [120.8290717, 16.1591393], [120.8289108, 16.1593119], [120.8287847, 16.1594948], [120.828554, 16.1597602], [120.8284709, 16.1599714], [120.8284816, 16.1601646], [120.8286318, 16.160296], [120.8288786, 16.1604017], [120.8290422, 16.1605099], [120.8292756, 16.1605897], [120.829415, 16.1606438], [120.8295652, 16.1606902], [120.8297154, 16.1606902], [120.8298576, 16.1606619], [120.8300293, 16.1607082], [120.8301902, 16.1607366], [120.8303109, 16.1607082], [120.8304477, 16.1606387], [120.8305362, 16.160667], [120.8305416, 16.1607662], [120.8305201, 16.1608667], [120.8305684, 16.1609465], [120.8307883, 16.1610599], [120.8310324, 16.1611449], [120.831424, 16.1612531], [120.831762, 16.1612686], [120.8320838, 16.1612119], [120.8324164, 16.1611449], [120.8329529, 16.1610676], [120.8335537, 16.1610625], [120.8341599, 16.1611861]]}, "properties": {"highway": "path", "name": "Villa Verde Trail", "surface": "unpaved"}}, {"type": "Feature", "geometry": {"type": "LineString", "coordinates": [[120.8635252, 16.1606268], [120.8633097, 16.1605451], [120.8629411, 16.1603926], [120.8622437, 16.1604688], [120.8620963, 16.1605777], [120.8618694, 16.1603871], [120.861739, 16.1602346], [120.8614782, 16.1603817], [120.8610132, 16.160556], [120.8603611, 16.1607193], [120.86014, 16.1608446], [120.8597828, 16.1609481], [120.8592781, 16.1610407], [120.8590173, 16.1611169], [120.858718, 16.1612842], [120.8586374, 16.1613293], [120.8581724, 16.1613021], [120.8578209, 16.1612313], [120.8577131, 16.1609317], [120.857526, 16.16085], [120.8571631, 16.16085], [120.8566244, 16.16085], [120.8561935, 16.1608827], [120.8555414, 16.1609808], [120.8553146, 16.1608991], [120.8549971, 16.1608991], [120.8546115, 16.1610189], [120.8543393, 16.1612912], [120.8541182, 16.1616888], [120.8536702, 16.1619066], [120.8535058, 16.1621245], [120.8533697, 16.1623586], [120.8531145, 16.162424], [120.8527489, 16.162556], [120.85247, 16.1625457], [120.8522446, 16.1625715], [120.8519764, 16.1627518], [120.851896, 16.1628755], [120.8518799, 16.1630661], [120.8517404, 16.1631897], [120.851499, 16.1632722], [120.8512951, 16.1632773], [120.8511128, 16.1631176], [120.8507426, 16.1630094], [120.8504905, 16.1630609], [120.850351, 16.1631897], [120.8501203, 16.1634319], [120.8498897, 16.1636277], [120.8495893, 16.163638], [120.849262, 16.1636277], [120.8490957, 16.1636741], [120.8489563, 16.1638853], [120.8489187, 16.1641842], [120.8489455, 16.1644572], [120.8488597, 16.1647664], [120.8487524, 16.1649364], [120.8485486, 16.1649415], [120.8483876, 16.16489], [120.8482803, 16.1646891], [120.8482911, 16.1645345], [120.8482696, 16.1643593], [120.8480282, 16.1641275], [120.8477841, 16.1639407], [120.8475266, 16.1637964], [120.8471726, 16.1637088], [120.8470331, 16.1637192], [120.8468829, 16.1637398], [120.8467434, 16.1638119], [120.8465181, 16.1638222], [120.846266, 16.1639149], [120.846089, 16.1640128], [120.8458744, 16.1641107], [120.8455847, 16.1640438], [120.8452199, 16.1639227], [120.8449464, 16.1638299], [120.8447157, 16.163732], [120.844544, 16.1637114], [120.8443563, 16.1635775], [120.8442865, 16.1635929], [120.844249, 16.163696], [120.8442597, 16.163866], [120.8442329, 16.1640463], [120.8441792, 16.16417], [120.844072, 16.1642215], [120.8438252, 16.1642473], [120.8437018, 16.1641906], [120.8435838, 16.1641545], [120.8434068, 16.1641906], [120.8432727, 16.1643349], [120.8431707, 16.164474], [120.843042, 16.1645564], [120.8428971, 16.1646388], [120.842645, 16.1647007], [120.8424626, 16.1647316], [120.8421193, 16.164814], [120.8420603, 16.1649841], [120.8419396, 16.1651489]]}, "properties": {"waterway": "stream"}}, {"type": "Feature", "geometry": {"type": "LineString", "coordinates": [[120.8341599, 16.1611861], [120.8345877, 16.1613832]]}, "properties": {"bridge": "yes", "highway": "path", "lanes": "2", "layer": "1", "name": "Villa Verde Trail"}}, {"type": "Feature", "geometry": {"type": "LineString", "coordinates": [[120.8420254, 16.1666747], [120.8422212, 16.1662624]]}, "properties": {"bridge": "yes", "highway": "path", "layer": "1", "name": "Villa Verde Trail"}}, {"type": "Feature", "geometry": {"type": "LineString", "coordinates": [[120.8345877, 16.1613832], [120.8347915, 16.1615069], [120.8349846, 16.1616099], [120.8352153, 16.1617129], [120.8353441, 16.1618778], [120.8354353, 16.1620582], [120.8355104, 16.1622333], [120.8354353, 16.1624137], [120.8352314, 16.1626404], [120.8350222, 16.1629289], [120.8349739, 16.1630886], [120.8350115, 16.1632638], [120.8351778, 16.163372], [120.8353655, 16.1633514], [120.835446, 16.1633308], [120.8355801, 16.1632432], [120.8356606, 16.163135], [120.835741, 16.1629418], [120.8358215, 16.1627924], [120.8358751, 16.162661], [120.8359583, 16.1626043], [120.8360495, 16.1626275], [120.8360843, 16.1626893], [120.8360763, 16.1628027], [120.8360736, 16.1629573], [120.8360951, 16.1630642], [120.8361487, 16.1631067], [120.8362238, 16.1631067], [120.8364357, 16.1631196], [120.8365779, 16.1631247], [120.8367442, 16.1631247], [120.8368756, 16.1631247], [120.8370553, 16.1631221], [120.8373262, 16.1631685], [120.8374764, 16.1632278], [120.8376508, 16.1633231], [120.8378412, 16.1634751], [120.8379833, 16.1636168], [120.8381362, 16.1637095], [120.8383025, 16.1637404], [120.8385868, 16.1637147], [120.8388685, 16.1638409], [120.839024, 16.1639955], [120.8390938, 16.1641552], [120.8390401, 16.1644283], [120.8390884, 16.1647219], [120.8391045, 16.1649229], [120.8393352, 16.1651805], [120.8396356, 16.1653145], [120.8398341, 16.1653608], [120.8400862, 16.1653608], [120.8402847, 16.1654227], [120.8404134, 16.1654896], [120.840451, 16.1656854], [120.8404268, 16.1659843], [120.840459, 16.1661749], [120.840561, 16.1663037], [120.8408292, 16.1664222], [120.8412369, 16.1665407], [120.8415534, 16.1666128], [120.8417197, 16.1666644], [120.8418645, 16.1666901], [120.8420254, 16.1666747]]}, "properties": {"highway": "path", "name": "Villa Verde Trail", "surface": "unpaved"}}, {"type": "Feature", "geometry": {"type": "LineString", "coordinates": [[120.8225687, 16.1577275], [120.8227135, 16.1576039], [120.8228584, 16.1573617], [120.8229227, 16.1571453], [120.8230139, 16.1569495], [120.8231588, 16.1568825], [120.8233734, 16.1569186], [120.8236255, 16.1569495], [120.8237381, 16.1569649], [120.8239044, 16.1570525], [120.8239567, 16.1572097], [120.8238039, 16.157372], [120.8238226, 16.157506], [120.8238843, 16.1575704], [120.8240721, 16.1575755], [120.8242089, 16.1575188], [120.8243591, 16.1573978], [120.824461, 16.1573746], [120.8245871, 16.157354], [120.824697, 16.1574338], [120.8247587, 16.1575652], [120.8248445, 16.1578074], [120.8249492, 16.1580933], [120.8250243, 16.1582119], [120.8250699, 16.1582608], [120.8251584, 16.1582814], [120.825263, 16.1582711], [120.8253408, 16.1582299], [120.8254024, 16.1581371], [120.8254588, 16.1580392], [120.8255044, 16.1579053], [120.8255446, 16.1578486], [120.8256117, 16.1578409], [120.8256948, 16.1579233], [120.8257699, 16.1580109], [120.8257994, 16.158083], [120.8258745, 16.1581861], [120.8258531, 16.1583329], [120.8258799, 16.1583845], [120.826081, 16.1584695], [120.8262339, 16.1585236], [120.8262929, 16.1585236], [120.8263519, 16.1584592], [120.8263332, 16.1583484], [120.8263466, 16.1582556], [120.826419, 16.1581964], [120.8264968, 16.1581938], [120.8265585, 16.1582222], [120.8266068, 16.1583381], [120.8267436, 16.1584051], [120.8268669, 16.1584437], [120.8269769, 16.158454], [120.8270842, 16.158454], [120.8271673, 16.1585081], [120.8271673, 16.1585854], [120.8270761, 16.1586962], [120.826993, 16.1588482], [120.8269528, 16.158977], [120.8269742, 16.1590466], [120.8270359, 16.1590466], [120.8271191, 16.1590182], [120.8272129, 16.1589487], [120.8272854, 16.1589255], [120.8274087, 16.1588868], [120.8275107, 16.1589074], [120.8275482, 16.1589976], [120.8275053, 16.1591032], [120.8274034, 16.1592501], [120.8273122, 16.1593248], [120.8272773, 16.159366], [120.8273015, 16.1594021], [120.8274785, 16.1594021], [120.8275563, 16.1593815], [120.8276904, 16.1593274], [120.8278298, 16.1592424], [120.8279291, 16.1591702], [120.8280578, 16.1591754], [120.8281624, 16.1592011], [120.8282697, 16.1592346], [120.8283207, 16.1593042], [120.8283542, 16.1594678], [120.8283328, 16.1597563], [120.8282845, 16.1600139], [120.828204, 16.16022], [120.8281933, 16.1604983], [120.8281933, 16.1606889], [120.8282469, 16.1608744], [120.8283489, 16.161217], [120.8283596, 16.1614334], [120.8283059, 16.1616911], [120.8281665, 16.1619075], [120.8280753, 16.1621135], [120.8280914, 16.1623248], [120.8281665, 16.1626391], [120.8282362, 16.1628297], [120.828432, 16.1629231]]}, "properties": {"waterway": "stream"}}, {"type": "Feature", "geometry": {"type": "LineString", "coordinates": [[120.8550348, 16.1834662], [120.8547429, 16.1834232], [120.8545306, 16.1833995], [120.8543875, 16.1834754], [120.8542641, 16.1835418], [120.854195, 16.1836081], [120.8540765, 16.1837172], [120.8539432, 16.1839068], [120.8538741, 16.1840869], [120.8538445, 16.1841912], [120.853805, 16.184305], [120.8538445, 16.1845231], [120.853805, 16.1847032], [120.853731, 16.1849023], [120.8537359, 16.1850493], [120.853652, 16.1852152], [120.853494, 16.1853716], [120.8534446, 16.1854712], [120.8533361, 16.1855518], [120.8532966, 16.1856893], [120.8531633, 16.1857746], [120.8530596, 16.1859547], [120.8528474, 16.1859737], [120.8527634, 16.1860211], [120.8526203, 16.1859879], [120.8524821, 16.1860401], [120.8523784, 16.1860259], [120.8522174, 16.1862282], [120.8520502, 16.1864891], [120.8520502, 16.1866336], [120.851975, 16.1866417], [120.8518956, 16.1867822], [120.8517242, 16.1868825], [120.8516239, 16.1870993], [120.8514943, 16.1871595]]}, "properties": {"highway": "path"}}, {"type": "Feature", "geometry": {"type": "LineString", "coordinates": [[120.853731, 16.1849023], [120.8536552, 16.1848755], [120.8535925, 16.1848674], [120.8534839, 16.1848072], [120.8534086, 16.1847631], [120.853325, 16.184731], [120.8531662, 16.184755], [120.8530826, 16.184731], [120.8529656, 16.184735], [120.852882, 16.1847711], [120.8528276, 16.184743], [120.8527817, 16.1847109], [120.852673, 16.1847069], [120.8526228, 16.1845985], [120.8525727, 16.1845744], [120.8523721, 16.1845784], [120.8522968, 16.1845704], [120.8522216, 16.184466], [120.8521798, 16.1844098], [120.852092, 16.1844219], [120.8519875, 16.1843536], [120.8518788, 16.1842452], [120.8517702, 16.1842573], [120.8516072, 16.1842653], [120.8514943, 16.1842172], [120.8514274, 16.1841409], [120.8512728, 16.1839602], [120.8512477, 16.1838759], [120.851139, 16.1837636], [120.8510387, 16.1836311], [120.8509593, 16.1835026], [120.8508715, 16.1834384], [120.8508214, 16.1832899], [120.8506918, 16.1832257], [120.8505622, 16.1829969], [120.8504201, 16.18276], [120.8501359, 16.1825673], [120.8502446, 16.182479], [120.8502111, 16.1823747], [120.8500272, 16.1823385], [120.8500021, 16.1821539], [120.849952, 16.1820375], [120.8499269, 16.1818729]]}, "properties": {"highway": "path"}}, {"type": "Feature", "geometry": {"type": "LineString", "coordinates": [[120.867936, 16.1398127], [120.8672715, 16.1400031], [120.8665952, 16.1404623], [120.8659773, 16.1408319], [120.8657208, 16.1414031], [120.8654172, 16.141785], [120.8652311, 16.1420191], [120.864788, 16.1418175], [120.8642167, 16.1419295], [120.8634005, 16.1419295], [120.8626543, 16.1419743], [120.8620947, 16.1421087], [120.8614884, 16.1418959], [120.8607655, 16.1416159], [120.8600776, 16.1415039], [120.8594014, 16.1417391], [120.8590283, 16.1418063], [120.8587141, 16.1416297]]}, "properties": {"waterway": "stream"}}, {"type": "Feature", "geometry": {"type": "LineString", "coordinates": [[120.8002888, 16.1263478], [120.8002269, 16.1261692], [120.8001505, 16.125898], [120.8000616, 16.1254286], [120.7997655, 16.1250587], [120.7994989, 16.1247931], [120.799262, 16.1245323], [120.799025, 16.1242478], [120.798951, 16.1239301], [120.7985462, 16.1237214], [120.7979292, 16.1236361], [120.7972085, 16.1229532], [120.7970703, 16.1227398], [120.7967099, 16.1228773], [120.796394, 16.1228868], [120.796004, 16.1229722], [120.7956684, 16.1232852], [120.7954709, 16.1231382], [120.795076, 16.1231192], [120.7948391, 16.1234179], [120.7943652, 16.1236076], [120.794069, 16.1235033], [120.7938962, 16.1235981], [120.7934273, 16.1235128], [120.793215, 16.1237404], [120.7929584, 16.1238732], [120.7926869, 16.1240771], [120.7923857, 16.1241624], [120.7921735, 16.1239917], [120.7920649, 16.1237546], [120.7918033, 16.1235602], [120.7914676, 16.1234037], [120.791053, 16.1232946], [120.7907222, 16.1232235], [120.7903717, 16.1232946], [120.7899867, 16.1231903], [120.7898534, 16.1230101], [120.7898386, 16.1227161], [120.7896807, 16.1225928], [120.7894832, 16.1224932], [120.7894141, 16.1223747], [120.789192, 16.1223747], [120.7888958, 16.1224268], [120.7886342, 16.1223747], [120.7883331, 16.1224268], [120.7881159, 16.1224411], [120.7879036, 16.122204], [120.7876321, 16.1219953], [120.7871829, 16.1219242], [120.7869707, 16.1220759], [120.7866054, 16.1222371], [120.7862944, 16.1222182], [120.7858797, 16.1220664], [120.7855737, 16.1218483], [120.7853269, 16.1215543], [120.7850303, 16.1211891]]}, "properties": {"waterway": "stream"}}, {"type": "Feature", "geometry": {"type": "LineString", "coordinates": [[120.7890606, 16.1359078], [120.7889712, 16.135736], [120.7884589, 16.1351424], [120.7881012, 16.1347753], [120.788028, 16.1342832], [120.7880605, 16.1336662], [120.7883126, 16.1330179], [120.7885158, 16.1324243], [120.788215, 16.1318619], [120.7880361, 16.131651], [120.7876865, 16.1312136], [120.7871417, 16.1309871], [120.7864994, 16.1308699], [120.7860034, 16.1310886], [120.7854749, 16.1313073], [120.7853041, 16.1310886], [120.7853386, 16.1306616]]}, "properties": {"waterway": "stream"}}, {"type": "Feature", "geometry": {"type": "LineString", "coordinates": [[120.8060986, 16.1825114], [120.8062311, 16.1823219], [120.8060037, 16.1820699], [120.8057997, 16.1817956], [120.805858, 16.181566], [120.8061436, 16.1813533], [120.8061786, 16.1811797], [120.8059629, 16.1810565], [120.805823, 16.1809446], [120.8057414, 16.1805639], [120.8057414, 16.1801719], [120.8056365, 16.1799368], [120.8054033, 16.1798304], [120.8053042, 16.1796009], [120.8052226, 16.1793825], [120.8050302, 16.1792761], [120.8049486, 16.1790074], [120.8048086, 16.1788898], [120.8046687, 16.1788842], [120.8046279, 16.1787106], [120.8047795, 16.1785315], [120.8046396, 16.178162], [120.8042956, 16.1778204], [120.8040566, 16.1775853], [120.804045, 16.1773277], [120.8038176, 16.1769582], [120.8036369, 16.1765551], [120.8035669, 16.1761912], [120.8036136, 16.1759336], [120.8035261, 16.1758888], [120.8032288, 16.1760008], [120.8028965, 16.176012], [120.8027799, 16.175788], [120.8027799, 16.1753905], [120.802984, 16.1752337], [120.8031647, 16.175161], [120.8031822, 16.1748978], [120.8032288, 16.1746739], [120.8033512, 16.1744723], [120.8034795, 16.1741196], [120.8034678, 16.1738004], [120.8035844, 16.1734757], [120.8033337, 16.1731565], [120.8029723, 16.173011], [120.8027333, 16.1727758], [120.8025409, 16.1723895], [120.8024768, 16.1721263], [120.8023777, 16.17188], [120.8023952, 16.171628], [120.8023135, 16.1715272], [120.802366, 16.1713313], [120.8024126, 16.1711689], [120.8022144, 16.1711521], [120.8021095, 16.1708441], [120.8019579, 16.1707993], [120.801853, 16.170609], [120.8019055, 16.1703626], [120.8018122, 16.170189], [120.8014333, 16.1700995], [120.8013283, 16.1699427], [120.8014041, 16.169506], [120.8014566, 16.1690972], [120.8013516, 16.1688901], [120.8011184, 16.1687893], [120.8009261, 16.1688229], [120.8007978, 16.1686997], [120.8007862, 16.1683861], [120.8009727, 16.1680334], [120.8009377, 16.1677758], [120.8006929, 16.167675], [120.8004597, 16.1676359], [120.8002673, 16.1674399], [120.8001857, 16.1671431], [120.8000516, 16.1669136], [120.8001624, 16.1665216], [120.8003548, 16.1663368], [120.8003081, 16.1659449], [120.8002557, 16.1657769], [120.800279, 16.1654858], [120.8005879, 16.1652674], [120.8006288, 16.1650098], [120.8004305, 16.1648979], [120.8000749, 16.1650322], [120.7997077, 16.1649203], [120.799387, 16.1647299], [120.799422, 16.1645787], [120.7996552, 16.1644331], [120.7997251, 16.1642931], [120.799696, 16.1640972], [120.7997951, 16.1639012], [120.80004, 16.163806], [120.8001799, 16.1634868], [120.8000808, 16.1633189], [120.7998826, 16.1631397], [120.7997251, 16.1628541], [120.7995036, 16.1628205], [120.7994337, 16.1626694], [120.7995386, 16.1624286], [120.7996727, 16.1622326], [120.7998301, 16.162227], [120.8000108, 16.1622662], [120.8000341, 16.1620702], [120.8001099, 16.1616727], [120.8000166, 16.1613423], [120.799696, 16.1610512], [120.7995911, 16.1609616], [120.7995911, 16.1607264], [120.7994861, 16.1606144], [120.7993462, 16.1604688], [120.7993229, 16.1603008], [120.7994861, 16.1601273], [120.7996669, 16.1600433], [120.7998126, 16.1601329], [120.7999642, 16.1601609], [120.8001274, 16.1599985], [120.8001857, 16.1596793], [120.8001507, 16.1591586], [120.799935, 16.1590354], [120.7994861, 16.1591082], [120.7992879, 16.1589514], [120.7992938, 16.1588282], [120.7994978, 16.158733], [120.7995969, 16.1585706], [120.7994861, 16.1582907], [120.7994628, 16.1580891], [120.7996843, 16.1578875], [120.7998651, 16.1578259], [120.8000866, 16.1578875], [120.8002323, 16.1579771], [120.8004772, 16.1577475], [120.8006987, 16.1573164], [120.8008445, 16.1570868], [120.8010368, 16.1570196], [120.8011301, 16.1568236], [120.8011068, 16.1564932], [120.8010368, 16.1558101], [120.8009669, 16.1553454], [120.8007453, 16.1550094], [120.8004422, 16.1548022], [120.7997893, 16.1543318], [120.7996843, 16.1542199], [120.7996727, 16.1540631], [120.7997776, 16.1538055], [120.7997368, 16.1535983], [120.799626, 16.1533351], [120.7996319, 16.1529992], [120.7996843, 16.1526912], [120.7995444, 16.1520696], [120.7994045, 16.151784], [120.7990781, 16.1515601], [120.7988507, 16.1512801], [120.798565, 16.1508489], [120.7982094, 16.1506753], [120.797778, 16.1501938], [120.7975798, 16.1500426], [120.7973291, 16.149869], [120.7973175, 16.149505], [120.797539, 16.1490234], [120.7978538, 16.1483683], [120.7979587, 16.1479595], [120.797883, 16.1476795], [120.7977139, 16.1475619], [120.7974049, 16.1473715], [120.7973175, 16.1470971], [120.7973175, 16.1468339], [120.7974341, 16.14661], [120.7974749, 16.1462796], [120.7975099, 16.1458988], [120.7973408, 16.1457644], [120.7971659, 16.1457588], [120.7970377, 16.1456748], [120.7968744, 16.1455796], [120.7966587, 16.1455852], [120.7966296, 16.1458764], [120.7964314, 16.146302], [120.7961399, 16.146246], [120.7960932, 16.1460164], [120.7963264, 16.1456412], [120.7964547, 16.1454564], [120.7963381, 16.1452268], [120.7960816, 16.1450756], [120.795761, 16.1451484], [120.7956036, 16.1454396], [120.7951313, 16.145602], [120.7947757, 16.1457364], [120.7939363, 16.1452436], [120.7935398, 16.1450532], [120.7932017, 16.1447844], [120.7927062, 16.1447284], [120.7923214, 16.1448236], [120.7915344, 16.144482], [120.7911205, 16.1443757], [120.7909631, 16.1446388], [120.7908932, 16.1448516], [120.7906833, 16.144846], [120.7905201, 16.1451148], [120.7906425, 16.145378], [120.7907766, 16.1455516], [120.7908057, 16.145714], [120.7906891, 16.1458204], [120.790386, 16.1457084], [120.7902402, 16.1457476], [120.7902694, 16.1461116], [120.7902052, 16.1464028], [120.7896514, 16.1466716], [120.7892084, 16.146638], [120.7890102, 16.146498], [120.7889285, 16.1462852], [120.7886662, 16.1460892], [120.7884097, 16.1459548], [120.7880249, 16.1458876], [120.787716, 16.1459492], [120.7876577, 16.145826], [120.7878209, 16.1457084], [120.7880133, 16.1455908], [120.7880075, 16.1454564], [120.7879025, 16.1452884], [120.7879958, 16.1451484], [120.7880891, 16.145042], [120.7880891, 16.1448852], [120.7879666, 16.1447732], [120.7877509, 16.1448348], [120.7874361, 16.1446612], [120.7871855, 16.1446836], [120.7869406, 16.1446164], [120.7867074, 16.1444428], [120.7865209, 16.1444932], [120.7864101, 16.1442749], [120.7862819, 16.1442021], [120.7860312, 16.1442021], [120.7855298, 16.1443757], [120.7854132, 16.1445268], [120.7854191, 16.1447564], [120.785454, 16.1450644], [120.7853957, 16.145322], [120.7851917, 16.1455852], [120.7848128, 16.1457644], [120.7844863, 16.1457532], [120.7840957, 16.1456748], [120.7838509, 16.1455124], [120.7834428, 16.1453836], [120.7830639, 16.1452772], [120.7827899, 16.1453556], [120.7824401, 16.1451036], [120.7822419, 16.1449188], [120.7821661, 16.1446612]]}, "properties": {"waterway": "river"}}, {"type": "Feature", "geometry": {"type": "LineString", "coordinates": [[120.8072205, 16.1878549], [120.8072497, 16.1877023], [120.8072247, 16.1875297], [120.8072539, 16.1873732], [120.8071118, 16.1872728], [120.8069781, 16.1872728], [120.8068569, 16.1872247], [120.8066646, 16.1868473], [120.8065517, 16.1865824], [120.8064431, 16.1864981], [120.806326, 16.1864981], [120.806255, 16.1863616], [120.8063302, 16.1861007], [120.8063804, 16.1858358], [120.8063135, 16.1856832], [120.8061588, 16.1855106], [120.8060376, 16.1852738], [120.8060167, 16.1849687], [120.8060585, 16.1848042], [120.8061755, 16.1846316], [120.8062884, 16.1845111], [120.8063553, 16.1843506], [120.8063177, 16.1840294], [120.8063093, 16.183901], [120.8062173, 16.1838167], [120.8061588, 16.1835919], [120.8062257, 16.1834474], [120.8061714, 16.183351], [120.8060585, 16.1832306], [120.8058913, 16.1832387], [120.8057743, 16.1831905], [120.8057659, 16.183054], [120.8057701, 16.1827971], [120.8057701, 16.1826767], [120.8059164, 16.1825884], [120.8060986, 16.1825114]]}, "properties": {"waterway": "stream"}}, {"type": "Feature", "geometry": {"type": "LineString", "coordinates": [[120.8091474, 16.1836802], [120.8090554, 16.1836802], [120.808884, 16.1837565], [120.8087963, 16.1839331], [120.80865, 16.1839773], [120.8084953, 16.1838689], [120.808487, 16.1837284], [120.8085079, 16.1835076], [120.8084368, 16.1834313], [120.80814, 16.1835076], [120.8079352, 16.1835397], [120.8076761, 16.1834835], [120.807442, 16.1833912], [120.8072832, 16.1833992], [120.8070951, 16.1833591], [120.8069572, 16.1833109], [120.8069363, 16.1831544], [120.8069363, 16.1829817], [120.8069655, 16.1828091], [120.8068986, 16.1826526], [120.8067398, 16.1826285], [120.806535, 16.1826526], [120.8063427, 16.1826365], [120.8060986, 16.1825114]]}, "properties": {"waterway": "stream"}}, {"type": "Feature", "geometry": {"type": "LineString", "coordinates": [[120.7985096, 16.1736324], [120.7983288, 16.1730333], [120.7981714, 16.1727198], [120.7982064, 16.1723055], [120.7981365, 16.1718464], [120.7980374, 16.1715272], [120.7979382, 16.1712081], [120.7979557, 16.1709057], [120.7977925, 16.1706202], [120.7975302, 16.1702394], [120.7974719, 16.1696571], [120.7974136, 16.1693268], [120.7976817, 16.1689964], [120.79788, 16.1688229], [120.7979149, 16.1685373], [120.7978683, 16.1683301], [120.7978158, 16.1681118], [120.7979849, 16.167787], [120.7978974, 16.1675519], [120.7978508, 16.1672439], [120.7979441, 16.1669527], [120.7982239, 16.1669248], [120.798527, 16.1669136], [120.7986903, 16.1666952], [120.798667, 16.1665048], [120.7985562, 16.1662696], [120.7986611, 16.1659281], [120.7987602, 16.1657601], [120.7990401, 16.1657489], [120.7992208, 16.1659561], [120.7994365, 16.1659561], [120.7994715, 16.1657601], [120.7994656, 16.1655809], [120.7993549, 16.165385], [120.7990809, 16.1653346], [120.7990342, 16.165161], [120.79911, 16.1649146], [120.799387, 16.1647299]]}, "properties": {"waterway": "stream"}}, {"type": "Feature", "geometry": {"type": "LineString", "coordinates": [[120.7877644, 16.1618304], [120.7875716, 16.1616981], [120.7868349, 16.161718], [120.7865389, 16.1617576], [120.7862222, 16.1616717], [120.7860776, 16.1614601], [120.785637, 16.161222], [120.7853891, 16.160931], [120.7849967, 16.160726], [120.7846662, 16.1605343], [120.784439, 16.1603557], [120.7841567, 16.160369], [120.7837781, 16.1605144], [120.7832686, 16.1604748], [120.7829244, 16.1603161], [120.7828142, 16.160164], [120.7825801, 16.1599061], [120.7823047, 16.1597672], [120.7819811, 16.1594762], [120.7816507, 16.1592911], [120.7814166, 16.1593969], [120.7811963, 16.1594365], [120.7809966, 16.1593307], [120.780852, 16.1594895], [120.7807556, 16.1596482], [120.7805422, 16.1596085], [120.7803219, 16.1596878], [120.7799914, 16.1597209], [120.7797367, 16.159549], [120.7795484, 16.159288]]}, "properties": {"waterway": "stream"}}, {"type": "Feature", "geometry": {"type": "LineString", "coordinates": [[120.7874283, 16.1751834], [120.7871914, 16.1750934], [120.7869939, 16.1747283], [120.7871075, 16.1744202], [120.7869544, 16.1740978], [120.786757, 16.1739224], [120.7866435, 16.1736995], [120.7867915, 16.173453], [120.7866632, 16.1732017], [120.7864263, 16.1726281], [120.7861498, 16.1722915], [120.7860857, 16.1720402], [120.7860363, 16.1715803], [120.7859326, 16.1714381], [120.7859474, 16.171239], [120.7859228, 16.1710019], [120.7858438, 16.1706084], [120.7856365, 16.1702007], [120.7855673, 16.1700206], [120.7854291, 16.1699826], [120.7852761, 16.1698309], [120.785286, 16.1695939], [120.7851478, 16.1694564], [120.7848763, 16.1692999], [120.7846344, 16.1690724], [120.7845011, 16.1689965], [120.7842395, 16.1690012], [120.7841506, 16.1687642], [120.7839285, 16.1686836], [120.7836965, 16.1684797], [120.7834793, 16.1682095], [120.7832276, 16.1680483], [120.783035, 16.1680056], [120.7827586, 16.168053], [120.7824624, 16.1681336], [120.7821909, 16.1681716], [120.7818306, 16.1680578], [120.7816233, 16.1677923], [120.7813123, 16.16756], [120.7809223, 16.1674414], [120.7805718, 16.1674889], [120.7803235, 16.1675078], [120.7798411, 16.1675798]]}, "properties": {"waterway": "stream"}}, {"type": "Feature", "geometry": {"type": "LineString", "coordinates": [[120.8112222, 16.2032393], [120.8111598, 16.2030134], [120.8109341, 16.2026537], [120.8108285, 16.2022388], [120.8107037, 16.2021973], [120.8104636, 16.2021558], [120.8104108, 16.2019437], [120.8101755, 16.2017501], [120.8099403, 16.2016855], [120.8098346, 16.2015334], [120.8097722, 16.2013305], [120.8096378, 16.2010815], [120.8095033, 16.2009755], [120.8090856, 16.2009109], [120.8088408, 16.2007818], [120.8087399, 16.2005743], [120.8086775, 16.2004268], [120.8085095, 16.2002747], [120.8084759, 16.2000257], [120.808231, 16.1997998], [120.8079333, 16.1995554], [120.8078805, 16.1993525], [120.8076885, 16.1991819], [120.8075204, 16.1990667], [120.80729, 16.1990528], [120.8070691, 16.1990759], [120.8068386, 16.1990713], [120.8065458, 16.1989422], [120.8064353, 16.1987946], [120.8064401, 16.198684], [120.8063537, 16.1985134], [120.8061953, 16.1983243], [120.805984, 16.1982137], [120.8057535, 16.198186], [120.8055855, 16.198163], [120.8053742, 16.1980431], [120.8052014, 16.1980846], [120.8050141, 16.1981353], [120.8048509, 16.1980477], [120.8045484, 16.1979509], [120.8042651, 16.1977296], [120.8041115, 16.1977157], [120.8040203, 16.1975912], [120.8036938, 16.1974437], [120.8032041, 16.1974898], [120.8030072, 16.197582], [120.8028728, 16.1977572], [120.8025079, 16.1977941], [120.8022342, 16.1977941], [120.8019461, 16.1976604], [120.8016772, 16.1971671], [120.8016292, 16.1968305], [120.801562, 16.1965308], [120.8013652, 16.1962772], [120.8010243, 16.1961988], [120.8007986, 16.1962587], [120.800573, 16.1962034], [120.8003905, 16.1961343], [120.8001072, 16.1959729], [120.7999296, 16.1958069], [120.7996751, 16.1956409], [120.799267, 16.1956271], [120.798446, 16.195604], [120.7983596, 16.1955533], [120.7981819, 16.1955487], [120.7980475, 16.1957516], [120.7978074, 16.1957331], [120.7976586, 16.1956593], [120.7975817, 16.1955533], [120.7974233, 16.1951983], [120.7973129, 16.1950692], [120.7971736, 16.1949954], [120.7969528, 16.1949723], [120.7969288, 16.1947695], [120.7970584, 16.1945666], [120.7972169, 16.1944283], [120.7973609, 16.1942807], [120.7973033, 16.1940732], [120.7971688, 16.1938427], [120.7968039, 16.1936675], [120.7967607, 16.1933586], [120.7968856, 16.1931695], [120.7969048, 16.193045], [120.7967463, 16.1929344], [120.7965591, 16.192879], [120.7964006, 16.1928514], [120.796175, 16.1929021], [120.7959781, 16.1928698], [120.7958917, 16.1927546], [120.7959205, 16.1926255], [120.7962182, 16.1925102], [120.7963334, 16.1923719], [120.7962278, 16.1921736], [120.7959973, 16.1919523], [120.79569, 16.1918785], [120.7950899, 16.1919154], [120.7948402, 16.1918923], [120.7946049, 16.191671], [120.794629, 16.1914497], [120.7945521, 16.1913436], [120.7941968, 16.1912514], [120.7940288, 16.1913068], [120.79388, 16.1912468], [120.7939088, 16.1910624], [120.7938127, 16.190984], [120.7935151, 16.1909702], [120.793323, 16.190818], [120.7932078, 16.1905137], [120.7930589, 16.1904537], [120.7928285, 16.1904353], [120.7926124, 16.1905644], [120.7923916, 16.1909748], [120.7922811, 16.1912007], [120.7918634, 16.1914036], [120.7915225, 16.1914266], [120.7913977, 16.1912376], [120.7914697, 16.1910209], [120.7913737, 16.1908503], [120.79122, 16.1906612], [120.791124, 16.1902785], [120.7913017, 16.1898405], [120.791244, 16.1897667], [120.7909848, 16.1898359], [120.7907303, 16.189988], [120.7904758, 16.1904952], [120.790375, 16.1907949], [120.790207, 16.1908364], [120.7899333, 16.1909379], [120.7897604, 16.1911454], [120.7897124, 16.1913805], [120.7899045, 16.1915926], [120.7901734, 16.1917263], [120.7904326, 16.1918508], [120.7906631, 16.1920307], [120.7908311, 16.1923027], [120.7912104, 16.1928237], [120.7912536, 16.1931465], [120.7912296, 16.1933263], [120.7913113, 16.193437], [120.7914793, 16.1935661], [120.7917146, 16.1937966], [120.7918058, 16.1940871], [120.791777, 16.1943868], [120.7916089, 16.1944421], [120.7912104, 16.194396], [120.7909473, 16.1942821], [120.7905652, 16.1943416], [120.7904034, 16.1944871], [120.7903044, 16.1946184], [120.7901909, 16.1950119], [120.7899317, 16.1953058], [120.7896207, 16.1954409], [120.7894215, 16.1954266], [120.7892623, 16.195385], [120.7890999, 16.1951825], [120.7888482, 16.1949692], [120.78871, 16.1946611], [120.7884928, 16.1942724], [120.788399, 16.1941396], [120.7883496, 16.193841], [120.7883003, 16.1935328], [120.7881127, 16.1933575], [120.787782, 16.1933006], [120.7876437, 16.1931773], [120.7873377, 16.1932626], [120.7868144, 16.193694], [120.7865133, 16.1940496], [120.7861481, 16.1941444], [120.7859259, 16.1940401], [120.7857926, 16.193841], [120.7855458, 16.1937367], [120.7850176, 16.1935328], [120.7847906, 16.1934523], [120.784677, 16.1932105], [120.7846079, 16.1928644], [120.7846079, 16.1926227], [120.7846178, 16.1923667], [120.784524, 16.1921392], [120.7843364, 16.1919116], [120.7839218, 16.1917599], [120.7837342, 16.191722], [120.7834874, 16.1914897], [120.7834528, 16.191357], [120.7832998, 16.1912432], [120.7829839, 16.1909161], [120.7824212, 16.1904515], [120.7820559, 16.1902145], [120.7817548, 16.1902145], [120.7814635, 16.1902335], [120.7812957, 16.1903567], [120.7811279, 16.1906032], [120.7809551, 16.1908498], [120.7807478, 16.1909825], [120.7806589, 16.1911531], [120.7805158, 16.1914755], [120.7802295, 16.1916651], [120.7797753, 16.1917741], [120.7793113, 16.1918453], [120.7790793, 16.1919211], [120.7789263, 16.1920159], [120.7787881, 16.1921676], [120.7786104, 16.1925089], [120.7785584, 16.1930407]]}, "properties": {"waterway": "stream"}}, {"type": "Feature", "geometry": {"type": "LineString", "coordinates": [[120.8218366, 16.165757], [120.8218232, 16.1659435], [120.8219303, 16.1661557], [120.8221714, 16.1662651], [120.8224326, 16.1665224], [120.8231089, 16.1667475], [120.8232161, 16.1668825], [120.8232094, 16.1671269], [120.8236447, 16.1672684], [120.8240331, 16.1674035], [120.8246291, 16.1677315], [120.8252451, 16.1680981], [120.8254862, 16.1685355], [120.825801, 16.1689664], [120.8261559, 16.1691787], [120.8264706, 16.1692751], [120.8266246, 16.1694809], [120.8269126, 16.1697189], [120.82708, 16.1700341], [120.8271604, 16.1703106], [120.8273788, 16.1706792]]}, "properties": {"waterway": "stream"}}, {"type": "Feature", "geometry": {"type": "LineString", "coordinates": [[120.817956, 16.1717546], [120.8181064, 16.1718874], [120.8182162, 16.172028], [120.8183707, 16.1721646], [120.8185211, 16.1723208], [120.8188951, 16.1726176], [120.8191756, 16.1727191], [120.8194765, 16.172762], [120.8196594, 16.1727542], [120.8198952, 16.1726449], [120.8204197, 16.1724419], [120.8207693, 16.1723364], [120.8210661, 16.1722935], [120.82131, 16.1723833], [120.8215255, 16.172477], [120.8217287, 16.1724692], [120.821867, 16.1724614], [120.8222247, 16.1726761], [120.8224443, 16.1728792], [120.8227492, 16.1729807], [120.8229809, 16.1730549], [120.8233224, 16.1731759], [120.8235988, 16.1732852], [120.8238712, 16.1733321], [120.8241883, 16.1733165], [120.8243672, 16.173254], [120.824603, 16.1731564], [120.8247412, 16.1732072], [120.8249526, 16.1733555], [120.8251519, 16.1733711], [120.8253063, 16.1733907], [120.8254852, 16.1735117], [120.8256885, 16.1735312], [120.8259568, 16.1734219], [120.8261764, 16.1733711], [120.8264122, 16.1734531], [120.8266493, 16.1735832]]}, "properties": {"waterway": "stream"}}, {"type": "Feature", "geometry": {"type": "LineString", "coordinates": [[120.833169, 16.1752688], [120.8329291, 16.1754445], [120.832612, 16.1754249], [120.8325144, 16.1754288], [120.8324372, 16.1755655], [120.8324006, 16.1757022], [120.8322461, 16.1756592], [120.8320997, 16.1755069], [120.831994, 16.1755265], [120.8319412, 16.1756631], [120.8317582, 16.1757373], [120.8316607, 16.1756397], [120.8316607, 16.1754171], [120.8315387, 16.175339], [120.831372, 16.1754093], [120.831185, 16.1756514], [120.8310102, 16.1757568], [120.8308516, 16.1757763], [120.8307134, 16.1756709], [120.8306077, 16.1755421], [120.8304858, 16.1755616], [120.8302906, 16.17571], [120.8302215, 16.1758896], [120.8301036, 16.1760184], [120.8299328, 16.176034], [120.8297336, 16.1759794], [120.8295954, 16.1760028], [120.829384, 16.1759091], [120.8292377, 16.1758232], [120.8290547, 16.1758662], [120.8288758, 16.1759677], [120.8286726, 16.175995], [120.828388, 16.1761395], [120.8279514, 16.1763794]]}, "properties": {"waterway": "stream"}}, {"type": "Feature", "geometry": {"type": "LineString", "coordinates": [[120.8372098, 16.1776391], [120.8370514, 16.1775883], [120.8369458, 16.1774961], [120.8366721, 16.1774915], [120.8365137, 16.1775468], [120.8362496, 16.177616], [120.8360431, 16.1776391], [120.8359231, 16.177616], [120.8356974, 16.1775745], [120.8355006, 16.1775561], [120.8353614, 16.1774638], [120.8351165, 16.1774823], [120.8348668, 16.1775653], [120.8345883, 16.1775376], [120.8344443, 16.177427], [120.8342282, 16.1773947], [120.8340746, 16.1773901], [120.834017, 16.1772886], [120.8339162, 16.1771042], [120.8338345, 16.1769428], [120.8336761, 16.1769059], [120.8336089, 16.1767629], [120.8336521, 16.1764817], [120.8336089, 16.1763157], [120.8333976, 16.1761912], [120.8332392, 16.1761035], [120.8331192, 16.1759422], [120.8330807, 16.175707], [120.8329895, 16.175541], [120.8329291, 16.1754445]]}, "properties": {"waterway": "stream"}}, {"type": "Feature", "geometry": {"type": "LineString", "coordinates": [[120.8395903, 16.1942545], [120.8393789, 16.1941998], [120.8391553, 16.1941491], [120.8389968, 16.1940163], [120.8387122, 16.1936571], [120.8384886, 16.1935205], [120.8384357, 16.1933799], [120.8383097, 16.193294], [120.8381268, 16.1932745], [120.8379153, 16.1932862], [120.8376552, 16.1931144], [120.8371104, 16.1929153], [120.8369518, 16.1929427], [120.8368665, 16.1930793], [120.8368543, 16.1932199], [120.8367323, 16.1933214], [120.836403, 16.1932862], [120.8360574, 16.1932433], [120.8359899, 16.1932552], [120.8359029, 16.1932706], [120.835785, 16.1932862], [120.8357037, 16.1933331], [120.8355655, 16.1934775], [120.8353541, 16.1935869], [120.8351996, 16.1937625], [120.835037, 16.1940124], [120.8348419, 16.1943286], [120.8346467, 16.1943677], [120.8342889, 16.1945121], [120.8339962, 16.1948245], [120.8338621, 16.194883], [120.8335734, 16.195047], [120.8332319, 16.1952461], [120.8326831, 16.1955038], [120.8324798, 16.1956482], [120.8321383, 16.1959137], [120.8318253, 16.1960699], [120.8315732, 16.1960699], [120.8313618, 16.1958747], [120.8311959, 16.1956408]]}, "properties": {"waterway": "stream"}}, {"type": "Feature", "geometry": {"type": "LineString", "coordinates": [[120.8372039, 16.1899794], [120.8370616, 16.1901902], [120.8369234, 16.1904127], [120.8367364, 16.190565], [120.83659, 16.1906743], [120.8365819, 16.1909398], [120.8365128, 16.1911858], [120.8364071, 16.1913888], [120.8363054, 16.1915957], [120.8363786, 16.1917675], [120.8363623, 16.1918885], [120.8362973, 16.1919666], [120.8363176, 16.1921306], [120.8362485, 16.1924078], [120.8362607, 16.192603], [120.8363136, 16.1926967], [120.8363583, 16.1928255], [120.8363054, 16.1929817], [120.8361835, 16.1930715], [120.836033, 16.1931379], [120.8359899, 16.1932552]]}, "properties": {"waterway": "stream"}}, {"type": "Feature", "geometry": {"type": "LineString", "coordinates": [[120.8391472, 16.1888198], [120.8387854, 16.1886792], [120.8381227, 16.1885582], [120.8378259, 16.1884997], [120.8374885, 16.1884801], [120.837208, 16.1885192], [120.8368177, 16.1885426], [120.8364355, 16.1885504], [120.8361265, 16.1885738], [120.835846, 16.1885621], [120.8355045, 16.1885114], [120.8352565, 16.1883903], [120.8348947, 16.1883279], [120.8345776, 16.1883279], [120.8342361, 16.1882693], [120.833793, 16.1883083], [120.833671, 16.1883435], [120.8335653, 16.1884723], [120.8334515, 16.1886129], [120.8332888, 16.1886988], [120.8331709, 16.1888667], [120.8332279, 16.1890423], [120.833175, 16.1891517], [120.8330083, 16.1892102], [120.8329473, 16.1894991], [120.8327969, 16.1897256], [120.8328335, 16.1898974], [120.8327217, 16.1900477], [120.8327481, 16.190237], [120.8327969, 16.1904869], [120.8327704, 16.1904965], [120.8326018, 16.1905572], [120.8322196, 16.1907368], [120.8320285, 16.1908851], [120.8316179, 16.1910647], [120.8311585, 16.19142], [120.8309756, 16.1916191], [120.8308699, 16.1917636], [120.8308704, 16.1919024], [120.8309679, 16.1921296], [120.8311102, 16.1923053], [120.8311305, 16.1924497], [120.8310532, 16.1925161], [120.8308906, 16.1925083], [120.8307402, 16.1923794], [120.8306629, 16.1923326], [120.8305816, 16.1923482], [120.8305036, 16.1924242]]}, "properties": {"waterway": "stream"}}, {"type": "Feature", "geometry": {"type": "LineString", "coordinates": [[120.8337852, 16.1910989], [120.8336307, 16.1909193], [120.8334315, 16.1908099], [120.8331063, 16.1906225], [120.8327704, 16.1904965]]}, "properties": {"waterway": "stream"}}, {"type": "Feature", "geometry": {"type": "LineString", "coordinates": [[120.8263233, 16.1909459], [120.8264224, 16.1909459], [120.8265215, 16.1909851], [120.8266411, 16.191125], [120.8266906, 16.1912594], [120.826813, 16.1913546], [120.8269559, 16.1914106], [120.827055, 16.191307], [120.8272065, 16.191279], [120.8273523, 16.1912258], [120.8274922, 16.1911586], [120.8276583, 16.1910999], [120.8278361, 16.191125], [120.8279003, 16.1912034], [120.8280023, 16.1912566], [120.8281305, 16.191181], [120.8282967, 16.1911474], [120.8285794, 16.1911027], [120.8286756, 16.1911306], [120.8288243, 16.1912034], [120.8289759, 16.1912706], [120.8291099, 16.191265], [120.829177, 16.1912594], [120.8292703, 16.1914022], [120.8293635, 16.1913938], [120.8294597, 16.1913462], [120.8295763, 16.1912958], [120.8297454, 16.1913126], [120.8299394, 16.1913609]]}, "properties": {"waterway": "stream"}}, {"type": "Feature", "geometry": {"type": "LineString", "coordinates": [[120.8270699, 16.1946219], [120.8271959, 16.1944735], [120.8271593, 16.1942353], [120.8272732, 16.1939738], [120.8277204, 16.1937395], [120.827948, 16.1936107], [120.8282651, 16.1935638], [120.8285578, 16.1936029], [120.8288587, 16.1937746], [120.8291799, 16.1939816], [120.8294685, 16.1941026], [120.829871, 16.1941299], [120.8302708, 16.1941404]]}, "properties": {"waterway": "stream"}}, {"type": "Feature", "geometry": {"type": "LineString", "coordinates": [[120.8357415, 16.1966832], [120.8356399, 16.1965934], [120.8355301, 16.1965778], [120.8353838, 16.1967184], [120.8351561, 16.1969995], [120.8349528, 16.1971595], [120.8347577, 16.1972649], [120.8344975, 16.1974992], [120.8342942, 16.1976007], [120.8339608, 16.1975851], [120.833847, 16.1977998], [120.8335421, 16.1981746], [120.8333592, 16.1984634]]}, "properties": {"waterway": "stream"}}, {"type": "Feature", "geometry": {"type": "LineString", "coordinates": [[120.8662974, 16.1806446], [120.8660918, 16.1804337], [120.8660772, 16.1803273], [120.8659722, 16.1801902], [120.8658731, 16.1800418], [120.8656778, 16.1799326], [120.8655554, 16.1798822], [120.8654884, 16.1798654], [120.8653543, 16.1797479], [120.865229, 16.1797339], [120.8651561, 16.1797731], [120.865194, 16.1799242]]}, "properties": {"highway": "path"}}, {"type": "Feature", "geometry": {"type": "LineString", "coordinates": [[120.8637614, 16.1804543], [120.8631988, 16.1800942], [120.8626252, 16.1797869], [120.8623164, 16.1795857], [120.862184, 16.1790984], [120.8620075, 16.1787276], [120.8616545, 16.1784627], [120.8613457, 16.1779225], [120.8606177, 16.1776682], [120.8600772, 16.1774246], [120.8597794, 16.1771809], [120.8597463, 16.1768101], [120.8595477, 16.1764182], [120.8591396, 16.176058], [120.8586984, 16.1757402], [120.858213, 16.1757508], [120.8579152, 16.1755495], [120.857474, 16.1754118], [120.85711, 16.1753906], [120.8568232, 16.1751681], [120.8565364, 16.1749138], [120.8560511, 16.1747867], [120.8555437, 16.1748609], [120.8550473, 16.1747337], [120.8545728, 16.1744925]]}, "properties": {"waterway": "stream"}}, {"type": "Feature", "geometry": {"type": "LineString", "coordinates": [[120.8605184, 16.1728057], [120.8601544, 16.1726362], [120.8597794, 16.1726362], [120.8594153, 16.1724667], [120.8590624, 16.1724455], [120.8586653, 16.172509], [120.8583233, 16.1725514], [120.8580255, 16.1728268], [120.8576505, 16.1729752], [120.8573527, 16.173187], [120.8568011, 16.1732294], [120.8566446, 16.1733325], [120.8564151, 16.1734837], [120.8559187, 16.1736426], [120.8554223, 16.1738439], [120.8547053, 16.1740346], [120.8542972, 16.1740981], [120.8540443, 16.1741738]]}, "properties": {"waterway": "stream"}}, {"type": "Feature", "geometry": {"type": "LineString", "coordinates": [[120.8605956, 16.1737591], [120.860022, 16.173579], [120.8594595, 16.1736744], [120.8590734, 16.173685], [120.8588087, 16.1736638], [120.858566, 16.1736638], [120.8583675, 16.1735896], [120.8580807, 16.1735472], [120.8576836, 16.1736214], [120.8575071, 16.1735472], [120.8573416, 16.1734095], [120.85711, 16.1733777], [120.8566446, 16.1733325]]}, "properties": {"waterway": "stream"}}, {"type": "Feature", "geometry": {"type": "LineString", "coordinates": [[120.8611477, 16.1644694], [120.8610185, 16.1644192], [120.8608477, 16.1643332], [120.8607475, 16.164233], [120.860571, 16.1640519], [120.8603889, 16.1639085], [120.8602768, 16.1636214], [120.8602675, 16.1632447], [120.8600527, 16.1629845], [120.8595576, 16.1624462], [120.859651, 16.162213], [120.8593989, 16.1618901], [120.8593055, 16.1616658], [120.8590346, 16.161603], [120.858718, 16.1612842]]}, "properties": {"waterway": "stream"}}, {"type": "Feature", "geometry": {"type": "LineString", "coordinates": [[120.8622779, 16.1552299], [120.8621372, 16.1553328], [120.8616819, 16.1553843], [120.8613537, 16.1555708], [120.8609921, 16.1556866], [120.8606439, 16.1558409], [120.8605635, 16.1560982], [120.8604765, 16.1563684], [120.8602354, 16.1566128], [120.8602287, 16.1568572], [120.8602287, 16.1571531], [120.8599341, 16.1574039]]}, "properties": {"waterway": "stream"}}, {"type": "Feature", "geometry": {"type": "LineString", "coordinates": [[120.8204514, 16.1493875], [120.8202472, 16.1492132], [120.8199014, 16.1491533], [120.8195782, 16.1490389], [120.8191982, 16.1488592], [120.8189884, 16.1484289], [120.8188013, 16.1483091], [120.8186199, 16.1482873], [120.8184328, 16.1484289], [120.8182853, 16.148369], [120.8179735, 16.1483799], [120.8178147, 16.1483309], [120.8176381, 16.1480411], [120.8174175, 16.1478398], [120.8171528, 16.1475007], [120.8170976, 16.1473842], [120.816877, 16.146918], [120.8164468, 16.1462822], [120.8157298, 16.1456783], [120.8157078, 16.1451167], [120.8156636, 16.1444916], [120.8164358, 16.1435592], [120.8172079, 16.143485], [120.8177484, 16.1433155], [120.8180683, 16.143093], [120.8182117, 16.1425103], [120.8180793, 16.1420123], [120.8183109, 16.1418851], [120.8186529, 16.1419381], [120.8190721, 16.1415778], [120.8196898, 16.1412812], [120.8202854, 16.1410057], [120.8211458, 16.140603], [120.8214105, 16.140158], [120.8216421, 16.1395117], [120.8219289, 16.1389819], [120.8222047, 16.1385263], [120.822657, 16.138219], [120.8231644, 16.1377316], [120.8231644, 16.1373819], [120.823407, 16.1368733], [120.8234953, 16.1364707], [120.8234181, 16.1360363], [120.8236276, 16.1356442], [120.8240689, 16.1353263], [120.8245211, 16.1352416], [120.8250395, 16.1353051], [120.8254477, 16.1349555], [120.825944, 16.1347965], [120.826308, 16.1343621], [120.8268614, 16.1335958]]}, "properties": {"waterway": "stream"}}, {"type": "Feature", "geometry": {"type": "LineString", "coordinates": [[120.8216536, 16.1489097], [120.8215766, 16.1484664], [120.8214843, 16.1478162], [120.8217613, 16.1469738], [120.822192, 16.1462202], [120.8228689, 16.1452448], [120.8230382, 16.1445355], [120.8234228, 16.1439887], [120.8240382, 16.1438557], [120.8245766, 16.1436784], [120.8251766, 16.1436784], [120.8260074, 16.1438262], [120.8264843, 16.1437079], [120.8269767, 16.1435897], [120.8273767, 16.1433237], [120.8274074, 16.1427326], [120.8277767, 16.1426735], [120.828192, 16.1422892], [120.8284228, 16.1419198], [120.8289613, 16.141772], [120.8291459, 16.1411218], [120.8294382, 16.1405454], [120.8295613, 16.1400134], [120.8296844, 16.1395405], [120.8300382, 16.1392301], [120.830069, 16.138905], [120.830269, 16.1385356], [120.8300693, 16.1381049]]}, "properties": {"waterway": "stream"}}, {"type": "Feature", "geometry": {"type": "LineString", "coordinates": [[120.825192, 16.1522199], [120.8249613, 16.1516583], [120.8244536, 16.1512889], [120.8240074, 16.1507717], [120.8240997, 16.1502249], [120.8242382, 16.1497964], [120.823792, 16.1493826], [120.8239151, 16.1486289], [120.8236536, 16.1483482], [120.8240997, 16.1479935], [120.824192, 16.1474024], [120.823792, 16.1472694], [120.8237613, 16.1469591], [120.8242843, 16.146634], [120.8244843, 16.1463236], [120.824269, 16.1459394], [120.8251151, 16.1454074], [120.8253613, 16.1450232], [120.8256074, 16.1445946], [120.8264843, 16.1437079]]}, "properties": {"waterway": "stream"}}, {"type": "Feature", "geometry": {"type": "LineString", "coordinates": [[120.8579688, 16.1563173], [120.8573826, 16.1563799], [120.8571611, 16.1557167], [120.8566791, 16.1556417], [120.856119, 16.155529], [120.8553504, 16.1556041], [120.854165, 16.1557793], [120.8534485, 16.1558168], [120.8530577, 16.1560045], [120.8521328, 16.1557418], [120.8518722, 16.1553914], [120.8511427, 16.155016], [120.8509343, 16.1549034], [120.8501657, 16.1552413], [120.8497488, 16.1548534], [120.8492799, 16.1542027], [120.8486806, 16.1536647], [120.8481596, 16.1534019], [120.8476776, 16.1532768], [120.8476255, 16.1529139], [120.8472607, 16.1520756], [120.8470783, 16.1515751], [120.8470262, 16.1508368], [120.8467787, 16.1501862], [120.8464661, 16.150061], [120.8461274, 16.1497482], [120.8459971, 16.1491476], [120.8460883, 16.1488097], [120.8458017, 16.1483593], [120.8457105, 16.1477837], [120.8455802, 16.1474208], [120.84545, 16.1470955], [120.8456063, 16.146695], [120.8455281, 16.1461945], [120.8452546, 16.1462821], [120.8450982, 16.1458817], [120.8452676, 16.1453436], [120.8446814, 16.1450809], [120.8441082, 16.1449057], [120.8437174, 16.1445678], [120.8432861, 16.1441907]]}, "properties": {"waterway": "stream"}}, {"type": "Feature", "geometry": {"type": "LineString", "coordinates": [[120.8598336, 16.1576998], [120.8596126, 16.1578735], [120.8592644, 16.1581822], [120.859097, 16.1584909], [120.8588291, 16.1588833], [120.858568, 16.1592435], [120.858434, 16.1594815], [120.8582063, 16.1596358], [120.8581528, 16.1598738], [120.8579586, 16.1600861], [120.8577175, 16.1601504], [120.8573626, 16.160382], [120.8569005, 16.1604913], [120.8565456, 16.1606457], [120.8561935, 16.1608827]]}, "properties": {"waterway": "stream"}}, {"type": "Feature", "geometry": {"type": "LineString", "coordinates": [[120.8599341, 16.1574039], [120.8598336, 16.1576998]]}, "properties": {"layer": "-1", "tunnel": "culvert", "waterway": "stream"}}, {"type": "Feature", "geometry": {"type": "LineString", "coordinates": [[120.8613804, 16.1645614], [120.8611477, 16.1644694]]}, "properties": {"layer": "-1", "tunnel": "culvert", "waterway": "stream"}}, {"type": "Feature", "geometry": {"type": "LineString", "coordinates": [[120.8662264, 16.1667432], [120.8656286, 16.1666984], [120.8651336, 16.1664472], [120.8647133, 16.1664651], [120.8643584, 16.166214], [120.8640782, 16.165891], [120.863854, 16.165604], [120.8635085, 16.1657206], [120.8631722, 16.1656488], [120.8629107, 16.1653528], [120.8625745, 16.1652541], [120.8622943, 16.164976], [120.8616685, 16.164671], [120.8613804, 16.1645614]]}, "properties": {"waterway": "stream"}}, {"type": "Feature", "geometry": {"type": "LineString", "coordinates": [[120.8422212, 16.1662624], [120.8424814, 16.1659508], [120.8426799, 16.1657138], [120.8427335, 16.1654922], [120.8428516, 16.1652501], [120.842932, 16.1650594], [120.8430125, 16.1649048], [120.8431842, 16.1647503], [120.8434524, 16.164673], [120.8437421, 16.1647194], [120.8439298, 16.1646988], [120.8441444, 16.1646678], [120.8443536, 16.1645081], [120.8445843, 16.164369], [120.8448203, 16.1643484], [120.8450241, 16.1644205], [120.8450563, 16.1646163], [120.845051, 16.1648585], [120.845051, 16.1650594], [120.8450885, 16.165214], [120.8451958, 16.1652913], [120.8454533, 16.1652913], [120.8456518, 16.1652604], [120.8457644, 16.1652861], [120.845802, 16.1653892], [120.8458181, 16.1656571], [120.8457591, 16.1658529], [120.8455552, 16.1662032], [120.8453916, 16.166466], [120.845405, 16.1665613], [120.8454748, 16.1666437], [120.8456893, 16.1668292], [120.8457859, 16.1670096], [120.8458771, 16.1672569], [120.8459522, 16.1673805], [120.8461614, 16.1674527], [120.8464082, 16.1674527], [120.8474757, 16.1672981], [120.8477251, 16.1673857], [120.8481543, 16.1673908], [120.8488356, 16.1674114], [120.8493371, 16.1674089], [120.8496134, 16.1675299], [120.8498709, 16.167736], [120.8503376, 16.168107], [120.8507936, 16.1682616], [120.8513193, 16.1685089], [120.8518128, 16.1686634], [120.8521669, 16.1687613], [120.8524673, 16.1688025], [120.852714, 16.1688129], [120.852942, 16.1686763], [120.8530413, 16.1685578], [120.8531191, 16.1684058], [120.8531405, 16.1681044], [120.8531244, 16.1679653], [120.8530413, 16.1677876], [120.8529662, 16.1676587], [120.8528535, 16.1674965], [120.8528267, 16.1673934], [120.8528911, 16.1672981], [120.8529849, 16.1672388], [120.8531271, 16.1672157], [120.8532317, 16.1672157], [120.853339, 16.1673264], [120.8534516, 16.1674655], [120.8536595, 16.1676742], [120.8537507, 16.1677824], [120.8539814, 16.1679988], [120.8542442, 16.1681534], [120.8545554, 16.1683131], [120.8548128, 16.1684032], [120.8555263, 16.168514], [120.8556604, 16.1685391], [120.8558321, 16.1685862], [120.8559448, 16.1686473], [120.8560655, 16.1687536], [120.8562291, 16.1688792], [120.8562988, 16.1689049], [120.8563873, 16.1688998], [120.8564839, 16.1688611], [120.8566354, 16.1687723], [120.8568526, 16.168646], [120.8570069, 16.16857], [120.8570438, 16.168561], [120.8570773, 16.1685597], [120.8571135, 16.1685597]]}, "properties": {"highway": "path", "name": "Villa Verde Trail", "surface": "unpaved"}}, {"type": "Feature", "geometry": {"type": "LineString", "coordinates": [[120.8226019, 16.126629], [120.8232254, 16.1265239], [120.8237505, 16.1263663], [120.8240567, 16.1261666], [120.8247568, 16.1260615], [120.8253037, 16.1259459], [120.8256428, 16.1258619], [120.8261241, 16.1257568], [120.8264304, 16.1257778], [120.8267805, 16.1258514], [120.8269445, 16.1259459], [120.827218, 16.1259565], [120.8275225, 16.1258207]]}, "properties": {"waterway": "stream"}}, {"type": "Feature", "geometry": {"type": "LineString", "coordinates": [[120.8338906, 16.1276903], [120.8335405, 16.1275222], [120.8331577, 16.1274696], [120.8329498, 16.127354], [120.8326764, 16.1270598], [120.8322935, 16.1267236], [120.8317903, 16.1265975], [120.8312981, 16.1265764], [120.8309699, 16.1267866], [120.8305999, 16.1268775], [120.8304996, 16.1269022], [120.8302589, 16.1269127], [120.8301386, 16.1268286], [120.8300949, 16.1265659], [120.8297886, 16.1263663], [120.8292307, 16.1265344], [120.8286947, 16.1267551], [120.8283556, 16.1266605], [120.828115, 16.1267341], [120.8277906, 16.1268373]]}, "properties": {"waterway": "stream"}}, {"type": "Feature", "geometry": {"type": "LineString", "coordinates": [[120.8433962, 16.1283103], [120.842904, 16.1281947], [120.8426633, 16.1282893], [120.8423461, 16.1285415], [120.8420726, 16.1287726], [120.841646, 16.1287306], [120.841296, 16.128636], [120.840935, 16.1286991], [120.8405412, 16.1286991], [120.8402787, 16.1286991], [120.8399834, 16.1286991], [120.8398521, 16.1286045], [120.8396771, 16.1285099], [120.8394802, 16.1284679], [120.8391411, 16.1284679], [120.8389442, 16.128573], [120.838627, 16.1288042], [120.8382988, 16.1288042], [120.838091, 16.1286045], [120.8379707, 16.1285415], [120.8375987, 16.1285309], [120.8374347, 16.1285309], [120.8372268, 16.1285204], [120.8370299, 16.1284679], [120.8367565, 16.1282788], [120.8366252, 16.1280581], [120.8365596, 16.127911], [120.8364393, 16.1277639], [120.8361767, 16.1276273], [120.8360126, 16.1275222], [120.8359798, 16.1273961], [120.8359689, 16.1271439], [120.8358704, 16.1268917], [120.835597, 16.1264819], [120.8351923, 16.126072], [120.8351594, 16.1258093], [120.8352907, 16.1257043], [120.8355642, 16.1255151], [120.8355642, 16.1253049], [120.8354657, 16.1251158], [120.8352469, 16.1250527], [120.8349625, 16.1251368], [120.8347547, 16.1252419], [120.834525, 16.125347], [120.83435, 16.125431], [120.8341968, 16.1254205], [120.8340437, 16.12541], [120.8338577, 16.12541], [120.833464, 16.1256412], [120.8332233, 16.1256622], [120.8329827, 16.1256622], [120.832567, 16.1257673], [120.832392, 16.1257988], [120.8319763, 16.1258619], [120.8316263, 16.1258619], [120.8314184, 16.1258619], [120.8311668, 16.1258514], [120.8310137, 16.126009], [120.8310356, 16.1262192], [120.8310137, 16.1264503], [120.8309699, 16.1267866]]}, "properties": {"waterway": "stream"}}, {"type": "Feature", "geometry": {"type": "LineString", "coordinates": [[120.8347438, 16.1297709], [120.8344266, 16.1296028], [120.8338577, 16.1295923], [120.8335405, 16.1294557], [120.8332889, 16.129235], [120.833103, 16.1289723], [120.8327858, 16.128573], [120.8324138, 16.1283838], [120.8321951, 16.1282577], [120.831856, 16.1281106], [120.8315388, 16.127953], [120.8312872, 16.1278059], [120.8309153, 16.127312], [120.8308606, 16.1271334], [120.8305999, 16.1268775]]}, "properties": {"waterway": "stream"}}, {"type": "Feature", "geometry": {"type": "LineString", "coordinates": [[120.8650339, 16.1461731], [120.864926, 16.1457067], [120.8646383, 16.145344], [120.8643866, 16.1451022], [120.8641528, 16.144964], [120.8638831, 16.1448949], [120.8635234, 16.1448776], [120.8633616, 16.1446185], [120.8631818, 16.1443595], [120.8628761, 16.1441867], [120.8623007, 16.1441867], [120.8620489, 16.144204], [120.8618331, 16.1441522], [120.8615994, 16.143824], [120.8612757, 16.1436685], [120.8606823, 16.1435822], [120.8603946, 16.1435476], [120.8600889, 16.1434267], [120.8596393, 16.1430295], [120.8594595, 16.1424767], [120.8593516, 16.1421658], [120.8590283, 16.1418063]]}, "properties": {"waterway": "stream"}}, {"type": "Feature", "geometry": {"type": "LineString", "coordinates": [[120.8620849, 16.1509748], [120.8613656, 16.1506466], [120.8609161, 16.1504739], [120.8605564, 16.1504739], [120.860017, 16.1505085], [120.8595494, 16.1505085], [120.858956, 16.1504912], [120.8584525, 16.150163], [120.8580389, 16.1499558], [120.8576973, 16.1497312], [120.8574995, 16.1494376], [120.8572837, 16.1489885], [120.8571219, 16.1484531], [120.85696, 16.1480385], [120.8566723, 16.1478313], [120.8564745, 16.1475376], [120.8556833, 16.1471058], [120.8551978, 16.1464495], [120.8550899, 16.145914], [120.8546943, 16.1458104], [120.8544066, 16.1455685], [120.8541549, 16.1452576], [120.854047, 16.1449467], [120.8537233, 16.1447913], [120.8533816, 16.1447567], [120.8528961, 16.1448604], [120.8522668, 16.1452576], [120.8518891, 16.1453958], [120.8513677, 16.1453267], [120.8509181, 16.1450504], [120.8508822, 16.1445322], [120.8504506, 16.1442385], [120.8502348, 16.1439104], [120.850055, 16.1435995], [120.8493935, 16.1433482]]}, "properties": {"waterway": "stream"}}, {"type": "Feature", "geometry": {"type": "LineString", "coordinates": [[120.8724065, 16.143824], [120.8720289, 16.1436858], [120.8716512, 16.1436858], [120.8713995, 16.1435304], [120.8710219, 16.1436167], [120.8707162, 16.1435304], [120.8700688, 16.1434095], [120.8696013, 16.1432195], [120.8692057, 16.1431158], [120.8687741, 16.1429604], [120.8684505, 16.1426494], [120.8683066, 16.142494], [120.8680728, 16.1422349], [120.867929, 16.1420967], [120.8675693, 16.1420622], [120.8669759, 16.1420622], [120.8665983, 16.1421658], [120.8662567, 16.1421658], [120.8657532, 16.1419758], [120.8654172, 16.141785]]}, "properties": {"waterway": "stream"}}, {"type": "Feature", "geometry": {"type": "LineString", "coordinates": [[120.849374, 16.1609884], [120.8494531, 16.1610096], [120.8495396, 16.1610412], [120.8496147, 16.1610785], [120.8499393, 16.1612537], [120.8500184, 16.1612775], [120.850113, 16.1612872], [120.8501928, 16.1612859], [120.8503389, 16.1612653], [120.8504301, 16.1612241], [120.8505414, 16.1611417], [120.8507466, 16.1609098], [120.8509813, 16.1606277], [120.8510792, 16.1605504], [120.8511811, 16.1604783], [120.8513407, 16.1603958], [120.8514561, 16.1603173], [120.8515325, 16.1602078], [120.8516613, 16.1599295], [120.8518611, 16.1596191], [120.8519711, 16.1595083], [120.8520851, 16.1594323], [120.8523197, 16.1593396], [120.8527757, 16.1591889], [120.8531298, 16.1590562], [120.8533081, 16.1590201], [120.8533993, 16.1589866], [120.8535093, 16.1589197], [120.8536139, 16.1588475], [120.8537132, 16.1588089], [120.8539022, 16.1587651], [120.854204, 16.1587316], [120.8543703, 16.158729], [120.8546224, 16.1587574], [120.8547565, 16.1587625], [120.8549336, 16.1587677], [120.8550677, 16.1587831], [120.8552259, 16.1588192], [120.8553171, 16.1588321], [120.8554485, 16.1588166], [120.8556336, 16.1587496], [120.8557463, 16.1587213], [120.8558455, 16.1587213], [120.8559367, 16.158747], [120.8560279, 16.1588192], [120.8561701, 16.1589738], [120.8562478, 16.1590124], [120.8563605, 16.1590227], [120.8564597, 16.1590665], [120.8565214, 16.1591824], [120.8566046, 16.1592623], [120.8566985, 16.1592881], [120.8567816, 16.1592829], [120.856854, 16.159234], [120.8569747, 16.1590923], [120.8570552, 16.1589403], [120.857141, 16.158778], [120.8572054, 16.158729], [120.8572751, 16.1587213], [120.8573851, 16.1587316], [120.8574924, 16.1587702], [120.857605, 16.1587805], [120.8577043, 16.1587625], [120.8578062, 16.1586878], [120.8580664, 16.1584662], [120.8583158, 16.1583091], [120.8585358, 16.1581519], [120.8587155, 16.1579819], [120.8589837, 16.1576856], [120.8592465, 16.1574563], [120.8593833, 16.1573997], [120.8594973, 16.1573919], [120.8596288, 16.1574241], [120.8597012, 16.1574679], [120.8597696, 16.1575311], [120.8597991, 16.157589], [120.8597991, 16.1576547], [120.8597642, 16.1577887], [120.8597267, 16.1579445], [120.8597119, 16.1580424], [120.8596985, 16.1582357], [120.8597267, 16.1585242], [120.8597495, 16.1586414], [120.8597817, 16.1587728], [120.8597857, 16.1588733], [120.8597749, 16.1589673], [120.8597401, 16.1590832], [120.8596784, 16.1592288], [120.8596556, 16.1593164], [120.8596408, 16.1594001], [120.8596207, 16.1594645], [120.8595859, 16.1595882], [120.8595429, 16.1597453], [120.8595443, 16.1598046], [120.8595617, 16.1598523], [120.8596046, 16.1598883], [120.8596556, 16.1599025], [120.8597817, 16.1599064], [120.8601263, 16.1598922], [120.8602269, 16.1598716], [120.8603261, 16.1598407], [120.8604254, 16.1598175], [120.860538, 16.159802], [120.8606628, 16.1597943], [120.8616874, 16.1598085], [120.8617705, 16.1597982], [120.8618402, 16.1597659], [120.8619153, 16.1597106], [120.8620213, 16.1596075], [120.8620843, 16.1595714], [120.8621487, 16.1595624], [120.862201, 16.1595766], [120.8622506, 16.1596152], [120.8623391, 16.1597608], [120.862425, 16.1599012], [120.8625188, 16.1599952], [120.8626047, 16.1600777], [120.8626302, 16.1601253], [120.8626436, 16.1601859], [120.8626395, 16.1602503], [120.8626047, 16.1604834], [120.8625725, 16.1605787], [120.8625148, 16.1607127], [120.8624491, 16.1607797], [120.86237, 16.1608106], [120.8623002, 16.1608132], [120.862146, 16.160799], [120.862036, 16.1608055], [120.861965, 16.1608299], [120.8618765, 16.1608789], [120.8617759, 16.160924], [120.8612649, 16.1611288], [120.8610436, 16.1612421], [120.860766, 16.1615062], [120.8604857, 16.1618037], [120.8604294, 16.1619235], [120.8604066, 16.1620085], [120.8603959, 16.1621245], [120.8604012, 16.1621966], [120.8604562, 16.1622739], [120.8605568, 16.1623267], [120.8606507, 16.1623447], [120.8607446, 16.1623447], [120.8612059, 16.1623061], [120.8613427, 16.1623112], [120.8614688, 16.1623331], [120.8619408, 16.1624967], [120.8620186, 16.1625392], [120.8620629, 16.162583], [120.862083, 16.1626462], [120.8620816, 16.16269], [120.8620575, 16.1627518], [120.8620025, 16.1628007], [120.8618899, 16.1628445], [120.8617236, 16.1628909], [120.8616216, 16.1629282], [120.8614956, 16.1630017], [120.8611442, 16.1632889], [120.8610463, 16.1633855], [120.8610088, 16.1634525], [120.8609766, 16.1635465], [120.8609363, 16.1638286], [120.8609323, 16.1640051], [120.8609444, 16.164094], [120.8609685, 16.164161], [120.8610195, 16.1642266], [120.8611295, 16.1643014], [120.8612148, 16.1643507], [120.8612564, 16.1643991], [120.861263, 16.1644571], [120.8612448, 16.1645149], [120.8611969, 16.1645507], [120.8611303, 16.1645832], [120.8610404, 16.1646119], [120.8609266, 16.1646282], [120.8608076, 16.164635], [120.8607006, 16.1646168], [120.8605588, 16.1645761], [120.8604657, 16.1645695], [120.8603806, 16.1645808], [120.8603281, 16.1646315], [120.8602872, 16.1647041], [120.8601572, 16.1651528], [120.8601223, 16.165279], [120.8601223, 16.1653653], [120.8601478, 16.1654503], [120.8601934, 16.1655302], [120.8602215, 16.165592], [120.8602242, 16.1656448], [120.8602162, 16.1656976], [120.8601893, 16.1657517], [120.8601384, 16.1657968], [120.8600418, 16.1658445], [120.8598742, 16.165878], [120.8596502, 16.1659127], [120.8594987, 16.1659527], [120.8593981, 16.1659952], [120.8592693, 16.1660725], [120.8590896, 16.1663043], [120.8589005, 16.1666895], [120.8587638, 16.1668724], [120.8586632, 16.1669599], [120.8585747, 16.1669973], [120.8584861, 16.1670089], [120.8583909, 16.1669921], [120.8583011, 16.1669471], [120.8582152, 16.1668891], [120.8581522, 16.1668672], [120.8580811, 16.1668621], [120.8580127, 16.1668762], [120.8576439, 16.1670025], [120.8574897, 16.1670797], [120.8574454, 16.1671338], [120.8574253, 16.1671931], [120.8574253, 16.1672446], [120.8574495, 16.1673206], [120.8574682, 16.1673876], [120.8574656, 16.1674417], [120.8574495, 16.1674803], [120.8574119, 16.167519], [120.8572952, 16.1675872], [120.8572255, 16.1676529], [120.8571947, 16.1677135], [120.8571893, 16.1677676], [120.8572094, 16.1678152], [120.8572979, 16.1679286], [120.8573516, 16.1680084], [120.8573744, 16.1680677], [120.8573824, 16.1681501], [120.8573703, 16.1682197], [120.8573516, 16.1682879], [120.8573127, 16.1683523], [120.8571531, 16.1684979], [120.8571303, 16.1685249], [120.8571135, 16.1685597], [120.8571142, 16.1685926], [120.8571269, 16.1686286], [120.8571645, 16.1686653], [120.8572175, 16.1686988], [120.8572557, 16.1687066], [120.857304, 16.1687014], [120.8573482, 16.168684], [120.8573771, 16.1686628], [120.8577365, 16.1682918], [120.857774, 16.1682416], [120.8578035, 16.1681888], [120.857821, 16.1681321], [120.8578303, 16.1680703], [120.8578397, 16.1679724], [120.8578464, 16.167832], [120.8578625, 16.1677624], [120.8579054, 16.1676774], [120.8579953, 16.1675975], [120.8580583, 16.1675666], [120.8581308, 16.1675563], [120.8581871, 16.1675653], [120.858238, 16.1675988], [120.8584781, 16.1678358], [120.8585425, 16.1678732], [120.8586363, 16.1679221], [120.8587101, 16.1679711], [120.8587852, 16.16806], [120.8588053, 16.1681218], [120.858804, 16.1681926], [120.8588, 16.1685404], [120.8588107, 16.1686203], [120.8588308, 16.1687091], [120.8588845, 16.1688212], [120.8589636, 16.1690118], [120.8589797, 16.1690711], [120.8589891, 16.1691484], [120.8589998, 16.1692321], [120.859028, 16.1693016], [120.8590816, 16.1693789], [120.8591674, 16.1694665], [120.8596019, 16.1696906], [120.8596985, 16.1697241], [120.8597977, 16.169737], [120.8598943, 16.1697422], [120.8600137, 16.1697319], [120.8601142, 16.1697331], [120.8602068, 16.1697473], [120.8603007, 16.1697782], [120.8604281, 16.1698478], [120.8608237, 16.1700655], [120.8609511, 16.1701118], [120.8610973, 16.1701505], [120.8612005, 16.170184], [120.8613735, 16.1702728], [120.8614983, 16.1703295], [120.8616069, 16.1703682], [120.8617075, 16.1703913], [120.8618604, 16.1704197], [120.8619636, 16.1704557], [120.8621031, 16.1705395], [120.8625148, 16.1708009], [120.8625779, 16.170864], [120.8626436, 16.1709632], [120.8627683, 16.1712183], [120.8628662, 16.1713857], [120.8629614, 16.1714991], [120.8630365, 16.1715583], [120.8630875, 16.171573], [120.8631437, 16.1715658], [120.8632062, 16.171534], [120.8633889, 16.1714129]]}, "properties": {"bus": "no", "hgv": "no", "highway": "primary", "lanes": "2", "name": "Nueva Vizcaya-Pangasinan Road", "old_name": "Villa Verde Trail", "ref": "114", "surface": "concrete", "width": "6.6"}}, {"type": "Feature", "geometry": {"type": "LineString", "coordinates": [[120.849374, 16.1609884], [120.8492285, 16.160951], [120.849146, 16.1609195], [120.8489536, 16.1607926], [120.8486693, 16.1606032], [120.8484212, 16.1604693], [120.8481637, 16.160325], [120.8479866, 16.1601781], [120.8477861, 16.1599109], [120.847705, 16.1598349], [120.847648, 16.1598007], [120.8476125, 16.1597872], [120.8475823, 16.1597833], [120.8473543, 16.1597827], [120.8472276, 16.1597801], [120.8471243, 16.1597608], [120.8470063, 16.1597093], [120.846954, 16.1596487], [120.8469446, 16.1595946], [120.846954, 16.1595225], [120.8469982, 16.1594297], [120.8470103, 16.1593666], [120.8470103, 16.1593074], [120.8469875, 16.1592597], [120.8469298, 16.1592249], [120.8468668, 16.1592121], [120.8465034, 16.1592043], [120.8464122, 16.1591889], [120.8463478, 16.1591528], [120.8462821, 16.1590781], [120.8462539, 16.1589969], [120.8462177, 16.1586814], [120.8462083, 16.1585551], [120.8461922, 16.158474], [120.8461547, 16.1583967], [120.846085, 16.158322], [120.8460098, 16.1582717], [120.8459522, 16.1582588], [120.8458932, 16.158264], [120.8458301, 16.1582898], [120.8457135, 16.1583207], [120.8456062, 16.1583155], [120.8455163, 16.158282], [120.8454117, 16.1582112], [120.8453447, 16.1581944], [120.8452776, 16.1581996], [120.8452333, 16.158206], [120.8451891, 16.1582318], [120.8451153, 16.1582679], [120.8450483, 16.1582653], [120.8449866, 16.1582421], [120.8449262, 16.1581468], [120.8448163, 16.1579548], [120.8447774, 16.1578801], [120.844764, 16.1578209], [120.844776, 16.1577655], [120.8447988, 16.1577165], [120.8448377, 16.1576547], [120.8448565, 16.1576045], [120.8448511, 16.1575542], [120.844823, 16.1575053], [120.8447801, 16.1574718], [120.8446258, 16.1573855], [120.8444166, 16.1572399], [120.8440961, 16.1570429], [120.8439171, 16.1569231], [120.8437836, 16.1568052], [120.8437293, 16.1567343], [120.8436844, 16.1566525], [120.8436549, 16.156574], [120.8436415, 16.1565244], [120.8436421, 16.1564741], [120.8436522, 16.15642], [120.8436683, 16.1563337], [120.8436716, 16.1562513], [120.8436656, 16.1561734], [120.8436542, 16.1561225], [120.8436394, 16.1560825], [120.8436066, 16.1560478], [120.8435543, 16.1560123], [120.8434933, 16.1559982], [120.843445, 16.1559982], [120.8434001, 16.1560059], [120.8433464, 16.1560078], [120.8433048, 16.1560001], [120.8432224, 16.1559576], [120.8431493, 16.1559144], [120.843101, 16.1559003], [120.8430473, 16.1558951], [120.8429904, 16.1559106], [120.8429266, 16.1559582], [120.8428743, 16.1560342], [120.8428462, 16.1561064], [120.8428314, 16.1561965], [120.8428314, 16.1562777], [120.8428569, 16.156413], [120.8428878, 16.1565147], [120.8428918, 16.1565843], [120.8428824, 16.1566487], [120.8428623, 16.1567092], [120.8428341, 16.1568071], [120.8428153, 16.1568973], [120.8427885, 16.1571047], [120.8427764, 16.1571755], [120.8427483, 16.1572528], [120.8426115, 16.1574757], [120.8425793, 16.1575426], [120.8425686, 16.1576032], [120.8425753, 16.1576612], [120.8426544, 16.1580167], [120.8426665, 16.1581197], [120.8426638, 16.1581932], [120.8426477, 16.1582537], [120.8425994, 16.1583889], [120.8425914, 16.1584572], [120.8425981, 16.1585126], [120.8426397, 16.158595], [120.8426665, 16.1586479], [120.8426759, 16.1586968], [120.8426718, 16.1587393], [120.8426584, 16.1587689], [120.8426008, 16.1588115], [120.8424962, 16.1588733], [120.8423741, 16.1589776], [120.8422253, 16.1591734], [120.8421434, 16.1592906], [120.8420804, 16.1593357], [120.8420268, 16.159346], [120.8419436, 16.159328], [120.8417357, 16.1591824], [120.8416472, 16.1590704], [120.8415614, 16.1589699], [120.8414997, 16.1589261], [120.84143, 16.1589093], [120.8413495, 16.1589222], [120.8412838, 16.1589609], [120.8412181, 16.1590047], [120.8411483, 16.1590214], [120.8410813, 16.1590124], [120.841025, 16.1589725], [120.8409177, 16.1587844], [120.8408627, 16.1587071], [120.8407809, 16.1586491], [120.8407004, 16.1586169], [120.8405904, 16.1586054], [120.8404684, 16.1586105], [120.8403397, 16.1586015], [120.8402163, 16.1585706], [120.8401036, 16.1585049]]}, "properties": {"bus": "no", "hgv": "no", "highway": "primary", "lanes": "2", "name": "Pangasinan-Nueva Vizcaya Road", "old_name": "Villa Verde Trail", "ref": "114", "surface": "concrete", "width": "6.6"}}, {"type": "Feature", "geometry": {"type": "Polygon", "coordinates": [[[120.7941465, 16.1927349], [120.7940744, 16.1926796], [120.7941314, 16.192611], [120.7942035, 16.1926663], [120.7941465, 16.1927349]]]}, "properties": {"building": "school"}}, {"type": "Feature", "geometry": {"type": "Polygon", "coordinates": [[[120.7940277, 16.1927923], [120.79399, 16.1927209], [120.7940598, 16.1926869], [120.7940975, 16.1927583], [120.7940277, 16.1927923]]]}, "properties": {"building": "school"}}, {"type": "Feature", "geometry": {"type": "Polygon", "coordinates": [[[120.7940774, 16.1928828], [120.7940396, 16.192801], [120.7941268, 16.1927639], [120.7941645, 16.1928456], [120.7940774, 16.1928828]]]}, "properties": {"building": "school"}}, {"type": "Feature", "geometry": {"type": "Polygon", "coordinates": [[[120.7941531, 16.1929795], [120.794116, 16.1929149], [120.7942012, 16.1928697], [120.7942384, 16.1929343], [120.7941531, 16.1929795]]]}, "properties": {"building": "school"}}, {"type": "Feature", "geometry": {"type": "Polygon", "coordinates": [[[120.8495958, 16.1812687], [120.8496068, 16.181216], [120.8497048, 16.181235], [120.8496937, 16.1812877], [120.8495958, 16.1812687]]]}, "properties": {"building": "school"}}, {"type": "Feature", "geometry": {"type": "Polygon", "coordinates": [[[120.8495966, 16.1813787], [120.849606, 16.1812976], [120.8496784, 16.1813053], [120.8496691, 16.1813864], [120.8495966, 16.1813787]]]}, "properties": {"building": "school"}}, {"type": "Feature", "geometry": {"type": "LineString", "coordinates": [[120.8499175, 16.1811527], [120.8498813, 16.1811347], [120.8498545, 16.1811308], [120.849828, 16.1811214], [120.8498042, 16.1811176], [120.8497723, 16.181114], [120.849718, 16.181114]]}, "properties": {"highway": "service"}}]}